runID,blockID,trialID,trialStimID_1,trialStimID_2,trialStimReward_1,trialStimReward_2,RT,respKey,selectedStimID,outcome,tFixOn,tStimOn,tRespOn,tFBOn,tFBOff,jitterFB,jitterITI,isTrialStim_1,isTrialStim_2,isTrialStim_3,isTrialStim_4,isTrialStim_5,isTrialStim_6,isTrialStim_7,isTrialStim_8,isTrialStim_9,isTrialStim_10,isTrialStim_11,isTrialStim_12,isTrialStim_13,isSelected_1,isSelected_2,isSelected_3,isSelected_4,isSelected_5,isSelected_6,isSelected_7,isSelected_8,isSelected_9,isSelected_10,isSelected_11,isSelected_12,isSelected_13,isSelectedWin_1,isSelectedWin_2,isSelectedWin_3,isSelectedWin_4,isSelectedWin_5,isSelectedWin_6,isSelectedWin_7,isSelectedWin_8,isSelectedWin_9,isSelectedWin_10,isSelectedWin_11,isSelectedWin_12,isSelectedWin_13,isWin_1,isWin_2,isWin_3,isWin_4,isWin_5,isWin_6,isWin_7,isWin_8,isWin_9,isWin_10,isWin_11,isWin_12,isWin_13,workerId,assignmentId
1,1,1,8,9,0,0,1.183420000015758,2,9,0,NaN,NaN,NaN,NaN,NaN,1,1,0,0,0,0,0,0,0,1,1,0,0,0,0,0,0,0,0,0,0,0,0,1,0,0,0,0,0,0,0,0,0,0,0,0,0,0,0,0,0,0,0,0,0,0,0,0,0,0,1,0,0,0,A27UMIQQM5ELH,34Z02EIMITTSHA4IXZ4B0LQY5H0T0F
1,1,2,10,9,1,0,0.6335999999428168,1,10,1,NaN,NaN,NaN,NaN,NaN,1,1,0,0,0,0,0,0,0,0,1,1,0,0,0,0,0,0,0,0,0,0,0,0,1,0,0,0,0,0,0,0,0,0,0,0,0,1,0,0,0,0,0,0,0,0,0,0,0,0,1,0,0,0,A27UMIQQM5ELH,34Z02EIMITTSHA4IXZ4B0LQY5H0T0F
1,1,3,9,8,0,1,0.8327549999812618,2,8,1,NaN,NaN,NaN,NaN,NaN,1,1,0,0,0,0,0,0,0,1,1,0,0,0,0,0,0,0,0,0,0,0,1,0,0,0,0,0,0,0,0,0,0,0,0,1,0,0,0,0,0,0,0,0,0,0,0,0,1,0,1,0,0,0,A27UMIQQM5ELH,34Z02EIMITTSHA4IXZ4B0LQY5H0T0F
1,1,4,8,10,0,1,0.5396450000116602,1,8,0,NaN,NaN,NaN,NaN,NaN,1,1,0,0,0,0,0,0,0,1,0,1,0,0,0,0,0,0,0,0,0,0,1,0,0,0,0,0,0,0,0,0,0,0,0,0,0,0,0,0,0,0,0,0,0,0,0,0,0,0,1,0,0,0,A27UMIQQM5ELH,34Z02EIMITTSHA4IXZ4B0LQY5H0T0F
1,1,5,10,8,0,1,1.3347249999642372,1,10,0,NaN,NaN,NaN,NaN,NaN,1,1,0,0,0,0,0,0,0,1,0,1,0,0,0,0,0,0,0,0,0,0,0,0,1,0,0,0,0,0,0,0,0,0,0,0,0,0,0,0,0,0,0,0,0,0,0,0,1,1,0,0,0,0,A27UMIQQM5ELH,34Z02EIMITTSHA4IXZ4B0LQY5H0T0F
1,1,6,9,8,0,0,1.0875750000122935,2,8,0,NaN,NaN,NaN,NaN,NaN,1,1,0,0,0,0,0,0,0,1,1,0,0,0,0,0,0,0,0,0,0,0,1,0,0,0,0,0,0,0,0,0,0,0,0,0,0,0,0,0,0,0,0,0,0,0,0,0,0,0,1,0,0,0,A27UMIQQM5ELH,34Z02EIMITTSHA4IXZ4B0LQY5H0T0F
1,1,7,8,9,1,1,0.9478799999924377,1,8,1,NaN,NaN,NaN,NaN,NaN,1,1,0,0,0,0,0,0,0,1,1,0,0,0,0,0,0,0,0,0,0,0,1,0,0,0,0,0,0,0,0,0,0,0,0,1,0,0,0,0,0,0,0,0,0,0,0,0,1,1,1,0,0,0,A27UMIQQM5ELH,34Z02EIMITTSHA4IXZ4B0LQY5H0T0F
1,1,8,10,9,0,1,0.7170700000133365,1,10,0,NaN,NaN,NaN,NaN,NaN,1,1,0,0,0,0,0,0,0,0,1,1,0,0,0,0,0,0,0,0,0,0,0,0,1,0,0,0,0,0,0,0,0,0,0,0,0,0,0,0,0,0,0,0,0,0,0,0,1,1,0,0,0,0,A27UMIQQM5ELH,34Z02EIMITTSHA4IXZ4B0LQY5H0T0F
1,1,9,10,8,1,1,1.6625650000059977,2,8,1,NaN,NaN,NaN,NaN,NaN,1,1,0,0,0,0,0,0,0,1,0,1,0,0,0,0,0,0,0,0,0,0,1,0,0,0,0,0,0,0,0,0,0,0,0,1,0,0,0,0,0,0,0,0,0,0,0,0,1,0,1,0,0,0,A27UMIQQM5ELH,34Z02EIMITTSHA4IXZ4B0LQY5H0T0F
1,1,10,8,9,0,0,1.666984999901615,2,9,0,NaN,NaN,NaN,NaN,NaN,1,1,0,0,0,0,0,0,0,1,1,0,0,0,0,0,0,0,0,0,0,0,0,1,0,0,0,0,0,0,0,0,0,0,0,0,0,0,0,0,0,0,0,0,0,0,0,0,0,0,1,0,0,0,A27UMIQQM5ELH,34Z02EIMITTSHA4IXZ4B0LQY5H0T0F
1,1,11,9,8,0,0,0.9039950000587851,2,8,0,NaN,NaN,NaN,NaN,NaN,1,1,0,0,0,0,0,0,0,1,1,0,0,0,0,0,0,0,0,0,0,0,1,0,0,0,0,0,0,0,0,0,0,0,0,0,0,0,0,0,0,0,0,0,0,0,0,0,0,0,1,0,0,0,A27UMIQQM5ELH,34Z02EIMITTSHA4IXZ4B0LQY5H0T0F
1,1,12,8,9,1,0,0.5437150000361726,1,8,1,NaN,NaN,NaN,NaN,NaN,1,1,0,0,0,0,0,0,0,1,1,0,0,0,0,0,0,0,0,0,0,0,1,0,0,0,0,0,0,0,0,0,0,0,0,1,0,0,0,0,0,0,0,0,0,0,0,0,1,0,1,0,0,0,A27UMIQQM5ELH,34Z02EIMITTSHA4IXZ4B0LQY5H0T0F
1,1,13,8,9,0,0,1.0503299999982119,1,8,0,NaN,NaN,NaN,NaN,NaN,1,1,0,0,0,0,0,0,0,1,1,0,0,0,0,0,0,0,0,0,0,0,1,0,0,0,0,0,0,0,0,0,0,0,0,0,0,0,0,0,0,0,0,0,0,0,0,0,0,0,1,0,0,0,A27UMIQQM5ELH,34Z02EIMITTSHA4IXZ4B0LQY5H0T0F
1,1,14,10,9,0,0,0.7200299999676645,1,10,0,NaN,NaN,NaN,NaN,NaN,1,1,0,0,0,0,0,0,0,0,1,1,0,0,0,0,0,0,0,0,0,0,0,0,1,0,0,0,0,0,0,0,0,0,0,0,0,0,0,0,0,0,0,0,0,0,0,0,1,0,0,0,0,0,A27UMIQQM5ELH,34Z02EIMITTSHA4IXZ4B0LQY5H0T0F
1,1,15,9,8,0,0,0.705820000031963,1,9,0,NaN,NaN,NaN,NaN,NaN,1,1,0,0,0,0,0,0,0,1,1,0,0,0,0,0,0,0,0,0,0,0,0,1,0,0,0,0,0,0,0,0,0,0,0,0,0,0,0,0,0,0,0,0,0,0,0,0,0,0,1,0,0,0,A27UMIQQM5ELH,34Z02EIMITTSHA4IXZ4B0LQY5H0T0F
1,1,16,9,8,0,1,0.6031600000569597,2,8,1,NaN,NaN,NaN,NaN,NaN,1,1,0,0,0,0,0,0,0,1,1,0,0,0,0,0,0,0,0,0,0,0,1,0,0,0,0,0,0,0,0,0,0,0,0,1,0,0,0,0,0,0,0,0,0,0,0,0,1,0,1,0,0,0,A27UMIQQM5ELH,34Z02EIMITTSHA4IXZ4B0LQY5H0T0F
1,2,1,13,10,1,1,0.7264150000410154,1,13,1,NaN,NaN,NaN,NaN,NaN,1,1,0,0,0,0,0,0,0,0,0,1,0,0,1,0,0,0,0,0,0,0,0,0,0,0,0,1,0,0,0,0,0,0,0,0,0,0,0,0,1,0,0,0,0,0,0,0,0,0,1,0,0,1,A27UMIQQM5ELH,34Z02EIMITTSHA4IXZ4B0LQY5H0T0F
1,2,2,13,10,1,1,0.5024599999887869,1,13,1,NaN,NaN,NaN,NaN,NaN,1,1,0,0,0,0,0,0,0,0,0,1,0,0,1,0,0,0,0,0,0,0,0,0,0,0,0,1,0,0,0,0,0,0,0,0,0,0,0,0,1,0,0,0,0,0,0,0,0,0,1,0,0,1,A27UMIQQM5ELH,34Z02EIMITTSHA4IXZ4B0LQY5H0T0F
1,2,3,13,10,0,0,0.8674149999860674,2,10,0,NaN,NaN,NaN,NaN,NaN,1,1,0,0,0,0,0,0,0,0,0,1,0,0,1,0,0,0,0,0,0,0,0,0,1,0,0,0,0,0,0,0,0,0,0,0,0,0,0,0,0,0,0,0,0,0,0,0,0,0,0,0,0,0,A27UMIQQM5ELH,34Z02EIMITTSHA4IXZ4B0LQY5H0T0F
1,2,4,10,13,1,0,0.7550350000383332,2,13,0,NaN,NaN,NaN,NaN,NaN,1,1,0,0,0,0,0,0,0,0,0,1,0,0,1,0,0,0,0,0,0,0,0,0,0,0,0,1,0,0,0,0,0,0,0,0,0,0,0,0,0,0,0,0,0,0,0,0,0,0,1,0,0,0,A27UMIQQM5ELH,34Z02EIMITTSHA4IXZ4B0LQY5H0T0F
1,2,5,10,13,1,0,1.0591150000691414,2,13,0,NaN,NaN,NaN,NaN,NaN,1,1,0,0,0,0,0,0,0,0,0,1,0,0,1,0,0,0,0,0,0,0,0,0,0,0,0,1,0,0,0,0,0,0,0,0,0,0,0,0,0,0,0,0,0,0,0,0,0,0,1,0,0,0,A27UMIQQM5ELH,34Z02EIMITTSHA4IXZ4B0LQY5H0T0F
1,2,6,13,10,1,0,0.40612000005785376,1,13,1,NaN,NaN,NaN,NaN,NaN,1,1,0,0,0,0,0,0,0,0,0,1,0,0,1,0,0,0,0,0,0,0,0,0,0,0,0,1,0,0,0,0,0,0,0,0,0,0,0,0,1,0,0,0,0,0,0,0,0,0,0,0,0,1,A27UMIQQM5ELH,34Z02EIMITTSHA4IXZ4B0LQY5H0T0F
1,2,7,10,13,1,0,0.5944750000489876,2,13,0,NaN,NaN,NaN,NaN,NaN,1,1,0,0,0,0,0,0,0,0,0,1,0,0,1,0,0,0,0,0,0,0,0,0,0,0,0,1,0,0,0,0,0,0,0,0,0,0,0,0,0,0,0,0,0,0,0,0,0,0,1,0,0,0,A27UMIQQM5ELH,34Z02EIMITTSHA4IXZ4B0LQY5H0T0F
1,2,8,10,8,1,1,NaN,NaN,NaN,NaN,NaN,NaN,NaN,NaN,NaN,1,1,0,0,0,0,0,0,0,1,0,1,0,0,0,0,0,0,0,0,0,0,0,0,0,0,0,0,0,0,0,0,0,0,0,0,0,0,0,0,0,0,0,0,0,0,0,0,1,0,1,0,0,0,A27UMIQQM5ELH,34Z02EIMITTSHA4IXZ4B0LQY5H0T0F
1,2,9,13,10,0,0,0.8097449999768287,2,10,0,NaN,NaN,NaN,NaN,NaN,1,1,0,0,0,0,0,0,0,0,0,1,0,0,1,0,0,0,0,0,0,0,0,0,1,0,0,0,0,0,0,0,0,0,0,0,0,0,0,0,0,0,0,0,0,0,0,0,0,0,0,0,0,0,A27UMIQQM5ELH,34Z02EIMITTSHA4IXZ4B0LQY5H0T0F
1,2,10,10,8,0,0,0.8462049999507144,2,8,0,NaN,NaN,NaN,NaN,NaN,1,1,0,0,0,0,0,0,0,1,0,1,0,0,0,0,0,0,0,0,0,0,1,0,0,0,0,0,0,0,0,0,0,0,0,0,0,0,0,0,0,0,0,0,0,0,0,0,0,0,0,0,0,1,A27UMIQQM5ELH,34Z02EIMITTSHA4IXZ4B0LQY5H0T0F
1,2,11,10,8,1,1,0.5161549999611452,1,10,1,NaN,NaN,NaN,NaN,NaN,1,1,0,0,0,0,0,0,0,1,0,1,0,0,0,0,0,0,0,0,0,0,0,0,1,0,0,0,0,0,0,0,0,0,0,0,0,1,0,0,0,0,0,0,0,0,0,0,1,0,1,0,0,1,A27UMIQQM5ELH,34Z02EIMITTSHA4IXZ4B0LQY5H0T0F
1,2,12,13,10,0,1,0.538825000054203,1,13,0,NaN,NaN,NaN,NaN,NaN,1,1,0,0,0,0,0,0,0,0,0,1,0,0,1,0,0,0,0,0,0,0,0,0,0,0,0,1,0,0,0,0,0,0,0,0,0,0,0,0,0,0,0,0,0,0,0,0,0,0,1,0,0,0,A27UMIQQM5ELH,34Z02EIMITTSHA4IXZ4B0LQY5H0T0F
1,2,13,8,10,1,0,0.5640699999639764,2,10,0,NaN,NaN,NaN,NaN,NaN,1,1,0,0,0,0,0,0,0,1,0,1,0,0,0,0,0,0,0,0,0,0,0,0,1,0,0,0,0,0,0,0,0,0,0,0,0,0,0,0,0,0,0,0,0,0,0,0,1,0,0,0,0,1,A27UMIQQM5ELH,34Z02EIMITTSHA4IXZ4B0LQY5H0T0F
1,2,14,13,8,1,0,0.4726700000464916,1,13,1,NaN,NaN,NaN,NaN,NaN,1,1,0,0,0,0,0,0,0,1,0,0,0,0,1,0,0,0,0,0,0,0,0,0,0,0,0,1,0,0,0,0,0,0,0,0,0,0,0,0,1,0,0,0,0,0,0,0,0,0,0,0,0,1,A27UMIQQM5ELH,34Z02EIMITTSHA4IXZ4B0LQY5H0T0F
1,3,1,10,9,1,0,0.64657499990426,1,10,1,NaN,NaN,NaN,NaN,NaN,1,1,0,0,0,0,0,0,0,0,1,1,0,0,0,0,0,0,0,0,0,0,0,0,1,0,0,0,0,0,0,0,0,0,0,0,0,1,0,0,0,0,0,0,0,0,0,0,0,0,1,0,0,0,A27UMIQQM5ELH,34Z02EIMITTSHA4IXZ4B0LQY5H0T0F
1,3,2,9,10,1,0,0.5003249999135733,2,10,0,NaN,NaN,NaN,NaN,NaN,1,1,0,0,0,0,0,0,0,0,1,1,0,0,0,0,0,0,0,0,0,0,0,0,1,0,0,0,0,0,0,0,0,0,0,0,0,0,0,0,0,0,0,0,0,0,0,0,0,1,0,0,0,0,A27UMIQQM5ELH,34Z02EIMITTSHA4IXZ4B0LQY5H0T0F
1,3,3,10,9,1,1,0.4622250000247732,1,10,1,NaN,NaN,NaN,NaN,NaN,1,1,0,0,0,0,0,0,0,0,1,1,0,0,0,0,0,0,0,0,0,0,0,0,1,0,0,0,0,0,0,0,0,0,0,0,0,1,0,0,0,0,0,0,0,0,1,0,0,1,1,0,0,0,A27UMIQQM5ELH,34Z02EIMITTSHA4IXZ4B0LQY5H0T0F
1,3,4,10,9,1,0,0.504674999974668,1,10,1,NaN,NaN,NaN,NaN,NaN,1,1,0,0,0,0,0,0,0,0,1,1,0,0,0,0,0,0,0,0,0,0,0,0,1,0,0,0,0,0,0,0,0,0,0,0,0,1,0,0,0,0,0,0,0,0,0,0,0,0,1,0,0,0,A27UMIQQM5ELH,34Z02EIMITTSHA4IXZ4B0LQY5H0T0F
1,3,5,9,10,1,0,0.49266999994870275,2,10,0,NaN,NaN,NaN,NaN,NaN,1,1,0,0,0,0,0,0,0,0,1,1,0,0,0,0,0,0,0,0,0,0,0,0,1,0,0,0,0,0,0,0,0,0,0,0,0,0,0,0,0,0,0,0,0,0,0,0,0,1,0,0,0,0,A27UMIQQM5ELH,34Z02EIMITTSHA4IXZ4B0LQY5H0T0F
1,3,6,9,10,0,1,0.4657949999673292,2,10,1,NaN,NaN,NaN,NaN,NaN,1,1,0,0,0,0,0,0,0,0,1,1,0,0,0,0,0,0,0,0,0,0,0,0,1,0,0,0,0,0,0,0,0,0,0,0,0,1,0,0,0,0,0,0,0,0,1,0,0,0,1,0,0,0,A27UMIQQM5ELH,34Z02EIMITTSHA4IXZ4B0LQY5H0T0F
1,3,7,9,6,0,0,0.7856750000501052,2,6,0,NaN,NaN,NaN,NaN,NaN,1,1,0,0,0,0,0,1,0,0,1,0,0,0,0,0,0,0,0,0,1,0,0,0,0,0,0,0,0,0,0,0,0,0,0,0,0,0,0,0,0,0,0,0,0,0,0,0,0,0,1,0,0,0,A27UMIQQM5ELH,34Z02EIMITTSHA4IXZ4B0LQY5H0T0F
1,3,8,6,10,0,0,0.6331749999662861,2,10,0,NaN,NaN,NaN,NaN,NaN,1,1,0,0,0,0,0,1,0,0,0,1,0,0,0,0,0,0,0,0,0,0,0,0,1,0,0,0,0,0,0,0,0,0,0,0,0,0,0,0,0,0,0,0,0,0,0,0,0,1,0,0,0,0,A27UMIQQM5ELH,34Z02EIMITTSHA4IXZ4B0LQY5H0T0F
1,3,9,6,9,0,0,0.6869949999963865,2,9,0,NaN,NaN,NaN,NaN,NaN,1,1,0,0,0,0,0,1,0,0,1,0,0,0,0,0,0,0,0,0,0,0,0,1,0,0,0,0,0,0,0,0,0,0,0,0,0,0,0,0,0,0,0,0,0,0,0,0,0,0,1,0,0,0,A27UMIQQM5ELH,34Z02EIMITTSHA4IXZ4B0LQY5H0T0F
1,3,10,10,6,0,1,0.7608899999177083,1,10,0,NaN,NaN,NaN,NaN,NaN,1,1,0,0,0,0,0,1,0,0,0,1,0,0,0,0,0,0,0,0,0,0,0,0,1,0,0,0,0,0,0,0,0,0,0,0,0,0,0,0,0,0,0,0,0,0,1,0,0,1,0,0,0,0,A27UMIQQM5ELH,34Z02EIMITTSHA4IXZ4B0LQY5H0T0F
1,3,11,10,6,1,0,0.4836900000227615,1,10,1,NaN,NaN,NaN,NaN,NaN,1,1,0,0,0,0,0,1,0,0,0,1,0,0,0,0,0,0,0,0,0,0,0,0,1,0,0,0,0,0,0,0,0,0,0,0,0,1,0,0,0,0,0,0,0,0,0,0,0,0,1,0,0,0,A27UMIQQM5ELH,34Z02EIMITTSHA4IXZ4B0LQY5H0T0F
1,3,12,6,9,0,1,1.1189099999610335,1,6,0,NaN,NaN,NaN,NaN,NaN,1,1,0,0,0,0,0,1,0,0,1,0,0,0,0,0,0,0,0,0,1,0,0,0,0,0,0,0,0,0,0,0,0,0,0,0,0,0,0,0,0,0,0,0,0,0,0,0,0,1,0,0,0,0,A27UMIQQM5ELH,34Z02EIMITTSHA4IXZ4B0LQY5H0T0F
1,3,13,10,9,1,1,0.5443249999079853,1,10,1,NaN,NaN,NaN,NaN,NaN,1,1,0,0,0,0,0,0,0,0,1,1,0,0,0,0,0,0,0,0,0,0,0,0,1,0,0,0,0,0,0,0,0,0,0,0,0,1,0,0,0,0,0,0,0,0,0,0,0,1,1,0,0,0,A27UMIQQM5ELH,34Z02EIMITTSHA4IXZ4B0LQY5H0T0F
1,4,1,8,7,1,1,0.798769999993965,2,7,1,NaN,NaN,NaN,NaN,NaN,1,1,0,0,0,0,0,0,1,1,0,0,0,0,0,0,0,0,0,0,0,1,0,0,0,0,0,0,0,0,0,0,0,0,1,0,0,0,0,0,0,0,0,0,0,0,0,1,1,0,1,0,0,0,A27UMIQQM5ELH,34Z02EIMITTSHA4IXZ4B0LQY5H0T0F
1,4,2,7,8,1,0,0.4173549999250099,1,7,1,NaN,NaN,NaN,NaN,NaN,1,1,0,0,0,0,0,0,1,1,0,0,0,0,0,0,0,0,0,0,0,1,0,0,0,0,0,0,0,0,0,0,0,0,1,0,0,0,0,0,0,0,0,0,0,0,0,1,0,0,0,0,0,0,A27UMIQQM5ELH,34Z02EIMITTSHA4IXZ4B0LQY5H0T0F
1,4,3,7,8,0,0,0.5110050000948831,1,7,0,NaN,NaN,NaN,NaN,NaN,1,1,0,0,0,0,0,0,1,1,0,0,0,0,0,0,0,0,0,0,0,1,0,0,0,0,0,0,0,0,0,0,0,0,0,0,0,0,0,0,0,0,0,0,0,0,0,0,0,0,0,0,0,0,A27UMIQQM5ELH,34Z02EIMITTSHA4IXZ4B0LQY5H0T0F
1,4,4,7,8,0,0,0.6494549999479204,2,8,0,NaN,NaN,NaN,NaN,NaN,1,1,0,0,0,0,0,0,1,1,0,0,0,0,0,0,0,0,0,0,0,0,1,0,0,0,0,0,0,0,0,0,0,0,0,0,0,0,0,0,0,0,0,0,0,0,0,0,0,0,0,0,0,0,A27UMIQQM5ELH,34Z02EIMITTSHA4IXZ4B0LQY5H0T0F
1,4,5,8,7,1,1,0.504769999999553,2,7,1,NaN,NaN,NaN,NaN,NaN,1,1,0,0,0,0,0,0,1,1,0,0,0,0,0,0,0,0,0,0,0,1,0,0,0,0,0,0,0,0,0,0,0,0,1,0,0,0,0,0,0,0,0,0,0,0,0,1,1,0,1,0,0,0,A27UMIQQM5ELH,34Z02EIMITTSHA4IXZ4B0LQY5H0T0F
1,4,6,8,7,1,1,0.49301999993622303,1,8,1,NaN,NaN,NaN,NaN,NaN,1,1,0,0,0,0,0,0,1,1,0,0,0,0,0,0,0,0,0,0,0,0,1,0,0,0,0,0,0,0,0,0,0,0,0,1,0,0,0,0,0,0,0,0,0,0,0,1,1,0,0,0,0,0,A27UMIQQM5ELH,34Z02EIMITTSHA4IXZ4B0LQY5H0T0F
1,4,7,8,7,1,1,0.6422700000694022,1,8,1,NaN,NaN,NaN,NaN,NaN,1,1,0,0,0,0,0,0,1,1,0,0,0,0,0,0,0,0,0,0,0,0,1,0,0,0,0,0,0,0,0,0,0,0,0,1,0,0,0,0,0,0,0,0,0,0,0,1,1,0,0,0,0,0,A27UMIQQM5ELH,34Z02EIMITTSHA4IXZ4B0LQY5H0T0F
1,4,8,8,7,0,1,0.4480449999682605,2,7,1,NaN,NaN,NaN,NaN,NaN,1,1,0,0,0,0,0,0,1,1,0,0,0,0,0,0,0,0,0,0,0,1,0,0,0,0,0,0,0,0,0,0,0,0,1,0,0,0,0,0,0,0,0,0,0,0,0,1,0,0,0,0,0,0,A27UMIQQM5ELH,34Z02EIMITTSHA4IXZ4B0LQY5H0T0F
1,4,9,7,8,1,1,0.5027250000275671,1,7,1,NaN,NaN,NaN,NaN,NaN,1,1,0,0,0,0,0,0,1,1,0,0,0,0,0,0,0,0,0,0,0,1,0,0,0,0,0,0,0,0,0,0,0,0,1,0,0,0,0,0,0,0,0,0,0,0,0,1,1,0,0,0,0,0,A27UMIQQM5ELH,34Z02EIMITTSHA4IXZ4B0LQY5H0T0F
1,4,10,7,8,1,1,1.0306900000432506,2,8,1,NaN,NaN,NaN,NaN,NaN,1,1,0,0,0,0,0,0,1,1,0,0,0,0,0,0,0,0,0,0,0,0,1,0,0,0,0,0,0,0,0,0,0,0,0,1,0,0,0,0,0,0,0,0,0,0,0,1,1,0,1,0,0,0,A27UMIQQM5ELH,34Z02EIMITTSHA4IXZ4B0LQY5H0T0F
1,4,11,10,7,0,1,0.9468999999808148,1,10,0,NaN,NaN,NaN,NaN,NaN,1,1,0,0,0,0,0,0,1,0,0,1,0,0,0,0,0,0,0,0,0,0,0,0,1,0,0,0,0,0,0,0,0,0,0,0,0,0,0,0,0,0,0,0,0,0,0,1,0,0,0,0,0,0,A27UMIQQM5ELH,34Z02EIMITTSHA4IXZ4B0LQY5H0T0F
1,4,12,7,8,0,1,0.5246499999193475,1,7,0,NaN,NaN,NaN,NaN,NaN,1,1,0,0,0,0,0,0,1,1,0,0,0,0,0,0,0,0,0,0,0,1,0,0,0,0,0,0,0,0,0,0,0,0,0,0,0,0,0,0,0,0,0,0,0,0,0,0,1,0,0,0,0,0,A27UMIQQM5ELH,34Z02EIMITTSHA4IXZ4B0LQY5H0T0F
1,4,13,7,8,1,0,0.5371900000609457,1,7,1,NaN,NaN,NaN,NaN,NaN,1,1,0,0,0,0,0,0,1,1,0,0,0,0,0,0,0,0,0,0,0,1,0,0,0,0,0,0,0,0,0,0,0,0,1,0,0,0,0,0,0,0,0,0,0,0,0,1,0,0,0,0,0,0,A27UMIQQM5ELH,34Z02EIMITTSHA4IXZ4B0LQY5H0T0F
1,5,1,13,10,1,0,0.5973900000099093,2,10,0,NaN,NaN,NaN,NaN,NaN,1,1,0,0,0,0,0,0,0,0,0,1,0,0,1,0,0,0,0,0,0,0,0,0,1,0,0,0,0,0,0,0,0,0,0,0,0,0,0,0,0,0,0,0,0,1,0,0,0,0,0,0,0,1,A27UMIQQM5ELH,34Z02EIMITTSHA4IXZ4B0LQY5H0T0F
1,5,2,13,10,1,0,0.5659699999960139,1,13,1,NaN,NaN,NaN,NaN,NaN,1,1,0,0,0,0,0,0,0,0,0,1,0,0,1,0,0,0,0,0,0,0,0,0,0,0,0,1,0,0,0,0,0,0,0,0,0,0,0,0,1,0,0,0,0,1,0,0,0,0,0,0,0,1,A27UMIQQM5ELH,34Z02EIMITTSHA4IXZ4B0LQY5H0T0F
1,5,3,13,10,1,0,0.6170949999941513,1,13,1,NaN,NaN,NaN,NaN,NaN,1,1,0,0,0,0,0,0,0,0,0,1,0,0,1,0,0,0,0,0,0,0,0,0,0,0,0,1,0,0,0,0,0,0,0,0,0,0,0,0,1,0,0,0,0,0,0,0,0,0,0,0,0,1,A27UMIQQM5ELH,34Z02EIMITTSHA4IXZ4B0LQY5H0T0F
1,5,4,10,13,0,1,0.6445049999747425,1,10,0,NaN,NaN,NaN,NaN,NaN,1,1,0,0,0,0,0,0,0,0,0,1,0,0,1,0,0,0,0,0,0,0,0,0,1,0,0,0,0,0,0,0,0,0,0,0,0,0,0,0,0,0,0,0,0,1,0,0,0,0,0,0,0,1,A27UMIQQM5ELH,34Z02EIMITTSHA4IXZ4B0LQY5H0T0F
1,5,5,13,10,1,1,0.45021499996073544,2,10,1,NaN,NaN,NaN,NaN,NaN,1,1,0,0,0,0,0,0,0,0,0,1,0,0,1,0,0,0,0,0,0,0,0,0,1,0,0,0,0,0,0,0,0,0,0,0,0,1,0,0,0,0,0,0,0,1,0,0,0,0,1,0,0,1,A27UMIQQM5ELH,34Z02EIMITTSHA4IXZ4B0LQY5H0T0F
1,5,6,13,10,1,0,0.43971499998588115,1,13,1,NaN,NaN,NaN,NaN,NaN,1,1,0,0,0,0,0,0,0,0,0,1,0,0,1,0,0,0,0,0,0,0,0,0,0,0,0,1,0,0,0,0,0,0,0,0,0,0,0,0,1,0,0,0,0,0,0,0,0,0,0,0,0,1,A27UMIQQM5ELH,34Z02EIMITTSHA4IXZ4B0LQY5H0T0F
1,5,7,10,13,1,1,0.5294350000331178,1,10,1,NaN,NaN,NaN,NaN,NaN,1,1,0,0,0,0,0,0,0,0,0,1,0,0,1,0,0,0,0,0,0,0,0,0,1,0,0,0,0,0,0,0,0,0,0,0,0,1,0,0,0,0,0,0,0,1,0,0,0,0,1,0,0,1,A27UMIQQM5ELH,34Z02EIMITTSHA4IXZ4B0LQY5H0T0F
1,5,8,13,10,0,0,0.5043549999827519,1,13,0,NaN,NaN,NaN,NaN,NaN,1,1,0,0,0,0,0,0,0,0,0,1,0,0,1,0,0,0,0,0,0,0,0,0,0,0,0,1,0,0,0,0,0,0,0,0,0,0,0,0,0,0,0,0,0,1,0,0,0,0,0,0,0,0,A27UMIQQM5ELH,34Z02EIMITTSHA4IXZ4B0LQY5H0T0F
1,5,9,13,10,1,0,0.8035699999891222,2,10,0,NaN,NaN,NaN,NaN,NaN,1,1,0,0,0,0,0,0,0,0,0,1,0,0,1,0,0,0,0,0,0,0,0,0,1,0,0,0,0,0,0,0,0,0,0,0,0,0,0,0,0,0,0,0,0,0,0,0,0,0,0,0,0,1,A27UMIQQM5ELH,34Z02EIMITTSHA4IXZ4B0LQY5H0T0F
1,5,10,13,10,1,1,0.5813850000267848,2,10,1,NaN,NaN,NaN,NaN,NaN,1,1,0,0,0,0,0,0,0,0,0,1,0,0,1,0,0,0,0,0,0,0,0,0,1,0,0,0,0,0,0,0,0,0,0,0,0,1,0,0,0,0,0,0,0,0,0,0,0,0,1,0,0,1,A27UMIQQM5ELH,34Z02EIMITTSHA4IXZ4B0LQY5H0T0F
1,5,11,13,10,1,0,0.6092449999414384,1,13,1,NaN,NaN,NaN,NaN,NaN,1,1,0,0,0,0,0,0,0,0,0,1,0,0,1,0,0,0,0,0,0,0,0,0,0,0,0,1,0,0,0,0,0,0,0,0,0,0,0,0,1,0,0,0,0,0,0,0,0,0,0,0,0,1,A27UMIQQM5ELH,34Z02EIMITTSHA4IXZ4B0LQY5H0T0F
1,5,12,13,5,1,1,1.2005699999863282,2,5,1,NaN,NaN,NaN,NaN,NaN,1,1,0,0,0,0,1,0,0,0,0,0,0,0,1,0,0,0,0,1,0,0,0,0,0,0,0,0,0,0,0,0,1,0,0,0,0,0,0,0,0,0,0,0,0,1,0,0,0,0,0,0,0,1,A27UMIQQM5ELH,34Z02EIMITTSHA4IXZ4B0LQY5H0T0F
1,5,13,10,5,0,0,0.860880000051111,2,5,0,NaN,NaN,NaN,NaN,NaN,1,1,0,0,0,0,1,0,0,0,0,1,0,0,0,0,0,0,0,1,0,0,0,0,0,0,0,0,0,0,0,0,0,0,0,0,0,0,0,0,0,0,0,0,0,0,0,0,0,0,0,0,0,0,A27UMIQQM5ELH,34Z02EIMITTSHA4IXZ4B0LQY5H0T0F
1,5,14,10,13,0,0,0.8107000000309199,2,13,0,NaN,NaN,NaN,NaN,NaN,1,1,0,0,0,0,0,0,0,0,0,1,0,0,1,0,0,0,0,0,0,0,0,0,0,0,0,1,0,0,0,0,0,0,0,0,0,0,0,0,0,0,0,0,0,0,0,0,0,0,0,0,0,0,A27UMIQQM5ELH,34Z02EIMITTSHA4IXZ4B0LQY5H0T0F
1,5,15,13,10,1,0,0.4074649999383837,1,13,1,NaN,NaN,NaN,NaN,NaN,1,1,0,0,0,0,0,0,0,0,0,1,0,0,1,0,0,0,0,0,0,0,0,0,0,0,0,1,0,0,0,0,0,0,0,0,0,0,0,0,1,0,0,0,0,0,0,0,0,0,0,0,0,1,A27UMIQQM5ELH,34Z02EIMITTSHA4IXZ4B0LQY5H0T0F
1,5,16,13,10,1,0,0.6588700000429526,2,10,0,NaN,NaN,NaN,NaN,NaN,1,1,0,0,0,0,0,0,0,0,0,1,0,0,1,0,0,0,0,0,0,0,0,0,1,0,0,0,0,0,0,0,0,0,0,0,0,0,0,0,0,0,0,0,0,1,0,0,0,0,0,0,0,1,A27UMIQQM5ELH,34Z02EIMITTSHA4IXZ4B0LQY5H0T0F
1,6,1,7,11,1,1,0.8387099999235943,2,11,1,NaN,NaN,NaN,NaN,NaN,1,1,0,0,0,0,0,0,1,0,0,0,1,0,0,0,0,0,0,0,0,0,0,0,0,1,0,0,0,0,0,0,0,0,0,0,0,0,1,0,0,0,0,0,0,0,0,1,0,0,0,1,0,0,A27UMIQQM5ELH,34Z02EIMITTSHA4IXZ4B0LQY5H0T0F
1,6,2,7,11,1,1,0.45678999996744096,2,11,1,NaN,NaN,NaN,NaN,NaN,1,1,0,0,0,0,0,0,1,0,0,0,1,0,0,0,0,0,0,0,0,0,0,0,0,1,0,0,0,0,0,0,0,0,0,0,0,0,1,0,0,0,0,0,0,0,0,1,0,0,0,1,0,0,A27UMIQQM5ELH,34Z02EIMITTSHA4IXZ4B0LQY5H0T0F
1,6,3,11,7,1,0,0.46254999993834645,1,11,1,NaN,NaN,NaN,NaN,NaN,1,1,0,0,0,0,0,0,1,0,0,0,1,0,0,0,0,0,0,0,0,0,0,0,0,1,0,0,0,0,0,0,0,0,0,0,0,0,1,0,0,0,0,0,0,0,0,0,0,0,0,1,0,0,A27UMIQQM5ELH,34Z02EIMITTSHA4IXZ4B0LQY5H0T0F
1,6,4,11,7,1,0,0.5827550000976771,2,7,0,NaN,NaN,NaN,NaN,NaN,1,1,0,0,0,0,0,0,1,0,0,0,1,0,0,0,0,0,0,0,0,1,0,0,0,0,0,0,0,0,0,0,0,0,0,0,0,0,0,0,0,0,0,0,0,0,0,0,0,0,0,1,0,0,A27UMIQQM5ELH,34Z02EIMITTSHA4IXZ4B0LQY5H0T0F
1,6,5,7,11,1,1,0.41820499999448657,1,7,1,NaN,NaN,NaN,NaN,NaN,1,1,0,0,0,0,0,0,1,0,0,0,1,0,0,0,0,0,0,0,0,1,0,0,0,0,0,0,0,0,0,0,0,0,1,0,0,0,0,0,0,0,0,0,0,0,0,1,0,0,0,1,0,0,A27UMIQQM5ELH,34Z02EIMITTSHA4IXZ4B0LQY5H0T0F
1,6,6,11,7,0,1,0.5328100000042468,1,11,0,NaN,NaN,NaN,NaN,NaN,1,1,0,0,0,0,0,0,1,0,0,0,1,0,0,0,0,0,0,0,0,0,0,0,0,1,0,0,0,0,0,0,0,0,0,0,0,0,0,0,0,0,0,0,0,0,1,1,0,0,0,0,0,0,A27UMIQQM5ELH,34Z02EIMITTSHA4IXZ4B0LQY5H0T0F
1,6,7,6,7,0,1,0.9194500000448897,1,6,0,NaN,NaN,NaN,NaN,NaN,1,1,0,0,0,0,0,1,1,0,0,0,0,0,0,0,0,0,0,0,1,0,0,0,0,0,0,0,0,0,0,0,0,0,0,0,0,0,0,0,0,0,0,0,0,0,0,1,0,0,0,0,0,0,A27UMIQQM5ELH,34Z02EIMITTSHA4IXZ4B0LQY5H0T0F
1,6,8,11,6,0,1,0.5914799999445677,1,11,0,NaN,NaN,NaN,NaN,NaN,1,1,0,0,0,0,0,1,0,0,0,0,1,0,0,0,0,0,0,0,0,0,0,0,0,1,0,0,0,0,0,0,0,0,0,0,0,0,0,0,0,0,0,0,0,0,1,0,0,0,0,0,0,0,A27UMIQQM5ELH,34Z02EIMITTSHA4IXZ4B0LQY5H0T0F
1,6,9,11,7,1,0,0.4797549999784678,1,11,1,NaN,NaN,NaN,NaN,NaN,1,1,0,0,0,0,0,0,1,0,0,0,1,0,0,0,0,0,0,0,0,0,0,0,0,1,0,0,0,0,0,0,0,0,0,0,0,0,1,0,0,0,0,0,0,0,0,0,0,0,0,1,0,0,A27UMIQQM5ELH,34Z02EIMITTSHA4IXZ4B0LQY5H0T0F
1,6,10,6,7,0,0,0.5576600000495091,2,7,0,NaN,NaN,NaN,NaN,NaN,1,1,0,0,0,0,0,1,1,0,0,0,0,0,0,0,0,0,0,0,0,1,0,0,0,0,0,0,0,0,0,0,0,0,0,0,0,0,0,0,0,0,0,0,0,0,0,0,0,0,0,0,0,0,A27UMIQQM5ELH,34Z02EIMITTSHA4IXZ4B0LQY5H0T0F
1,6,11,7,11,1,1,0.6401150000747293,1,7,1,NaN,NaN,NaN,NaN,NaN,1,1,0,0,0,0,0,0,1,0,0,0,1,0,0,0,0,0,0,0,0,1,0,0,0,0,0,0,0,0,0,0,0,0,1,0,0,0,0,0,0,0,0,0,0,0,1,1,0,0,0,1,0,0,A27UMIQQM5ELH,34Z02EIMITTSHA4IXZ4B0LQY5H0T0F
1,6,12,7,6,0,0,0.6821400000480935,2,6,0,NaN,NaN,NaN,NaN,NaN,1,1,0,0,0,0,0,1,1,0,0,0,0,0,0,0,0,0,0,0,1,0,0,0,0,0,0,0,0,0,0,0,0,0,0,0,0,0,0,0,0,0,0,0,0,0,0,0,0,0,0,0,0,0,A27UMIQQM5ELH,34Z02EIMITTSHA4IXZ4B0LQY5H0T0F
1,6,13,7,6,1,0,0.479300000006333,1,7,1,NaN,NaN,NaN,NaN,NaN,1,1,0,0,0,0,0,1,1,0,0,0,0,0,0,0,0,0,0,0,0,1,0,0,0,0,0,0,0,0,0,0,0,0,1,0,0,0,0,0,0,0,0,0,0,0,0,1,0,0,0,1,0,0,A27UMIQQM5ELH,34Z02EIMITTSHA4IXZ4B0LQY5H0T0F
1,6,14,7,11,0,0,0.8650800000177696,2,11,0,NaN,NaN,NaN,NaN,NaN,1,1,0,0,0,0,0,0,1,0,0,0,1,0,0,0,0,0,0,0,0,0,0,0,0,1,0,0,0,0,0,0,0,0,0,0,0,0,0,0,0,0,0,0,0,0,0,0,0,0,0,0,0,0,A27UMIQQM5ELH,34Z02EIMITTSHA4IXZ4B0LQY5H0T0F
1,7,1,11,13,0,0,0.868845000048168,1,11,0,NaN,NaN,NaN,NaN,NaN,1,1,0,0,0,0,0,0,0,0,0,0,1,0,1,0,0,0,0,0,0,0,0,0,0,1,0,0,0,0,0,0,0,0,0,0,0,0,0,0,0,0,0,0,0,0,0,0,0,0,0,0,0,0,A27UMIQQM5ELH,34Z02EIMITTSHA4IXZ4B0LQY5H0T0F
1,7,2,13,11,0,1,0.7084749999921769,1,13,0,NaN,NaN,NaN,NaN,NaN,1,1,0,0,0,0,0,0,0,0,0,0,1,0,1,0,0,0,0,0,0,0,0,0,0,0,0,1,0,0,0,0,0,0,0,0,0,0,0,0,0,0,0,0,0,0,0,0,0,0,0,1,0,0,A27UMIQQM5ELH,34Z02EIMITTSHA4IXZ4B0LQY5H0T0F
1,7,3,11,13,0,0,0.9480850000400096,1,11,0,NaN,NaN,NaN,NaN,NaN,1,1,0,0,0,0,0,0,0,0,0,0,1,0,1,0,0,0,0,0,0,0,0,0,0,1,0,0,0,0,0,0,0,0,0,0,0,0,0,0,0,0,0,0,1,0,0,0,0,0,0,0,0,0,A27UMIQQM5ELH,34Z02EIMITTSHA4IXZ4B0LQY5H0T0F
1,7,4,13,11,1,1,0.9082249999046326,2,11,1,NaN,NaN,NaN,NaN,NaN,1,1,0,0,0,0,0,0,0,0,0,0,1,0,1,0,0,0,0,0,0,0,0,0,0,1,0,0,0,0,0,0,0,0,0,0,0,0,1,0,0,0,0,0,0,0,0,0,0,0,0,1,0,1,A27UMIQQM5ELH,34Z02EIMITTSHA4IXZ4B0LQY5H0T0F
1,7,5,13,11,0,0,0.5496099999872968,2,11,0,NaN,NaN,NaN,NaN,NaN,1,1,0,0,0,0,0,0,0,0,0,0,1,0,1,0,0,0,0,0,0,0,0,0,0,1,0,0,0,0,0,0,0,0,0,0,0,0,0,0,0,0,0,0,0,0,0,0,0,0,0,0,0,0,A27UMIQQM5ELH,34Z02EIMITTSHA4IXZ4B0LQY5H0T0F
1,7,6,11,13,1,1,0.5531900000059977,2,13,1,NaN,NaN,NaN,NaN,NaN,1,1,0,0,0,0,0,0,0,0,0,0,1,0,1,0,0,0,0,0,0,0,0,0,0,0,0,1,0,0,0,0,0,0,0,0,0,0,0,0,1,0,0,0,1,0,0,0,0,0,0,1,0,1,A27UMIQQM5ELH,34Z02EIMITTSHA4IXZ4B0LQY5H0T0F
1,7,7,11,13,1,1,0.5431049999315292,1,11,1,NaN,NaN,NaN,NaN,NaN,1,1,0,0,0,0,0,0,0,0,0,0,1,0,1,0,0,0,0,0,0,0,0,0,0,1,0,0,0,0,0,0,0,0,0,0,0,0,1,0,0,0,0,0,0,0,0,0,0,0,0,1,0,1,A27UMIQQM5ELH,34Z02EIMITTSHA4IXZ4B0LQY5H0T0F
1,7,8,11,13,1,0,0.5416449999902397,2,13,0,NaN,NaN,NaN,NaN,NaN,1,1,0,0,0,0,0,0,0,0,0,0,1,0,1,0,0,0,0,0,0,0,0,0,0,0,0,1,0,0,0,0,0,0,0,0,0,0,0,0,0,0,0,0,0,0,0,0,0,0,0,1,0,0,A27UMIQQM5ELH,34Z02EIMITTSHA4IXZ4B0LQY5H0T0F
1,7,9,13,11,1,1,0.8420649999752641,1,13,1,NaN,NaN,NaN,NaN,NaN,1,1,0,0,0,0,0,0,0,0,0,0,1,0,1,0,0,0,0,0,0,0,0,0,0,0,0,1,0,0,0,0,0,0,0,0,0,0,0,0,1,0,0,0,0,0,0,0,0,0,0,1,0,1,A27UMIQQM5ELH,34Z02EIMITTSHA4IXZ4B0LQY5H0T0F
1,7,10,4,13,0,0,0.4167349999770522,2,13,0,NaN,NaN,NaN,NaN,NaN,1,1,0,0,0,1,0,0,0,0,0,0,0,0,1,0,0,0,0,0,0,0,0,0,0,0,0,1,0,0,0,0,0,0,0,0,0,0,0,0,0,0,0,0,0,0,0,0,0,0,0,0,0,0,A27UMIQQM5ELH,34Z02EIMITTSHA4IXZ4B0LQY5H0T0F
1,7,11,11,4,1,0,0.4972950000083074,1,11,1,NaN,NaN,NaN,NaN,NaN,1,1,0,0,0,1,0,0,0,0,0,0,1,0,0,0,0,0,0,0,0,0,0,0,0,1,0,0,0,0,0,0,0,0,0,0,0,0,1,0,0,0,0,0,0,0,0,0,0,0,0,1,0,0,A27UMIQQM5ELH,34Z02EIMITTSHA4IXZ4B0LQY5H0T0F
1,7,12,11,13,0,1,0.4619199999142438,1,11,0,NaN,NaN,NaN,NaN,NaN,1,1,0,0,0,0,0,0,0,0,0,0,1,0,1,0,0,0,0,0,0,0,0,0,0,1,0,0,0,0,0,0,0,0,0,0,0,0,0,0,0,0,0,0,0,0,0,0,0,0,0,0,0,1,A27UMIQQM5ELH,34Z02EIMITTSHA4IXZ4B0LQY5H0T0F
1,7,13,11,4,0,0,0.636570000089705,2,4,0,NaN,NaN,NaN,NaN,NaN,1,1,0,0,0,1,0,0,0,0,0,0,1,0,0,0,0,0,1,0,0,0,0,0,0,0,0,0,0,0,0,0,0,0,0,0,0,0,0,0,0,0,0,0,0,0,0,0,0,0,0,0,0,1,A27UMIQQM5ELH,34Z02EIMITTSHA4IXZ4B0LQY5H0T0F
1,7,14,13,11,1,1,0.5123550000134856,1,13,1,NaN,NaN,NaN,NaN,NaN,1,1,0,0,0,0,0,0,0,0,0,0,1,0,1,0,0,0,0,0,0,0,0,0,0,0,0,1,0,0,0,0,0,0,0,0,0,0,0,0,1,0,0,0,1,0,0,0,0,0,0,1,0,1,A27UMIQQM5ELH,34Z02EIMITTSHA4IXZ4B0LQY5H0T0F
1,8,1,8,3,1,0,0.4721050000516698,1,8,1,NaN,NaN,NaN,NaN,NaN,1,1,0,0,1,0,0,0,0,1,0,0,0,0,0,0,0,0,0,0,0,0,1,0,0,0,0,0,0,0,0,0,0,0,0,1,0,0,0,0,0,0,0,0,0,0,0,0,1,0,0,0,0,1,A27UMIQQM5ELH,34Z02EIMITTSHA4IXZ4B0LQY5H0T0F
1,8,2,3,8,1,0,0.5527200000360608,1,3,1,NaN,NaN,NaN,NaN,NaN,1,1,0,0,1,0,0,0,0,1,0,0,0,0,0,0,0,1,0,0,0,0,0,0,0,0,0,0,0,0,1,0,0,0,0,0,0,0,0,0,0,0,0,1,0,0,0,0,0,0,0,0,0,1,A27UMIQQM5ELH,34Z02EIMITTSHA4IXZ4B0LQY5H0T0F
1,8,3,3,8,0,1,0.5065750000067055,2,8,1,NaN,NaN,NaN,NaN,NaN,1,1,0,0,1,0,0,0,0,1,0,0,0,0,0,0,0,0,0,0,0,0,1,0,0,0,0,0,0,0,0,0,0,0,0,1,0,0,0,0,0,0,0,0,0,0,0,0,1,0,0,0,0,1,A27UMIQQM5ELH,34Z02EIMITTSHA4IXZ4B0LQY5H0T0F
1,8,4,3,8,0,0,0.3720000000903383,2,8,0,NaN,NaN,NaN,NaN,NaN,1,1,0,0,1,0,0,0,0,1,0,0,0,0,0,0,0,0,0,0,0,0,1,0,0,0,0,0,0,0,0,0,0,0,0,0,0,0,0,0,0,0,0,0,0,0,0,0,0,0,0,0,0,0,A27UMIQQM5ELH,34Z02EIMITTSHA4IXZ4B0LQY5H0T0F
1,8,5,8,3,0,0,0.5085849999450147,1,8,0,NaN,NaN,NaN,NaN,NaN,1,1,0,0,1,0,0,0,0,1,0,0,0,0,0,0,0,0,0,0,0,0,1,0,0,0,0,0,0,0,0,0,0,0,0,0,0,0,0,0,0,0,0,0,0,0,0,0,0,0,0,0,0,1,A27UMIQQM5ELH,34Z02EIMITTSHA4IXZ4B0LQY5H0T0F
1,8,6,3,8,0,1,0.45165499998256564,2,8,1,NaN,NaN,NaN,NaN,NaN,1,1,0,0,1,0,0,0,0,1,0,0,0,0,0,0,0,0,0,0,0,0,1,0,0,0,0,0,0,0,0,0,0,0,0,1,0,0,0,0,0,0,0,0,0,0,0,0,1,0,0,0,0,1,A27UMIQQM5ELH,34Z02EIMITTSHA4IXZ4B0LQY5H0T0F
1,8,7,3,8,0,1,0.5497599999653175,1,3,0,NaN,NaN,NaN,NaN,NaN,1,1,0,0,1,0,0,0,0,1,0,0,0,0,0,0,0,1,0,0,0,0,0,0,0,0,0,0,0,0,0,0,0,0,0,0,0,0,0,0,0,0,0,0,0,0,0,0,1,0,0,0,0,1,A27UMIQQM5ELH,34Z02EIMITTSHA4IXZ4B0LQY5H0T0F
1,8,8,3,8,0,1,0.3946950000245124,1,3,0,NaN,NaN,NaN,NaN,NaN,1,1,0,0,1,0,0,0,0,1,0,0,0,0,0,0,0,1,0,0,0,0,0,0,0,0,0,0,0,0,0,0,0,0,0,0,0,0,0,0,0,0,0,0,0,0,0,0,1,0,0,0,0,1,A27UMIQQM5ELH,34Z02EIMITTSHA4IXZ4B0LQY5H0T0F
1,8,9,8,3,0,0,0.2557200000155717,1,8,0,NaN,NaN,NaN,NaN,NaN,1,1,0,0,1,0,0,0,0,1,0,0,0,0,0,0,0,0,0,0,0,0,1,0,0,0,0,0,0,0,0,0,0,0,0,0,0,0,0,0,0,0,0,0,0,0,0,0,0,0,0,0,0,1,A27UMIQQM5ELH,34Z02EIMITTSHA4IXZ4B0LQY5H0T0F
1,8,10,3,8,0,0,0.6574699999764562,2,8,0,NaN,NaN,NaN,NaN,NaN,1,1,0,0,1,0,0,0,0,1,0,0,0,0,0,0,0,0,0,0,0,0,1,0,0,0,0,0,0,0,0,0,0,0,0,0,0,0,0,0,0,0,0,0,0,0,0,0,0,0,0,0,0,0,A27UMIQQM5ELH,34Z02EIMITTSHA4IXZ4B0LQY5H0T0F
1,8,11,8,3,0,0,0.40042499999981374,1,8,0,NaN,NaN,NaN,NaN,NaN,1,1,0,0,1,0,0,0,0,1,0,0,0,0,0,0,0,0,0,0,0,0,1,0,0,0,0,0,0,0,0,0,0,0,0,0,0,0,0,0,0,0,0,0,0,0,0,0,0,0,0,0,0,0,A27UMIQQM5ELH,34Z02EIMITTSHA4IXZ4B0LQY5H0T0F
1,8,12,8,13,1,1,0.44198499992489815,1,8,1,NaN,NaN,NaN,NaN,NaN,1,1,0,0,0,0,0,0,0,1,0,0,0,0,1,0,0,0,0,0,0,0,1,0,0,0,0,0,0,0,0,0,0,0,0,1,0,0,0,0,0,0,0,0,0,0,0,0,1,0,0,0,0,1,A27UMIQQM5ELH,34Z02EIMITTSHA4IXZ4B0LQY5H0T0F
1,8,13,3,13,1,1,0.6965599999530241,2,13,1,NaN,NaN,NaN,NaN,NaN,1,1,0,0,1,0,0,0,0,0,0,0,0,0,1,0,0,0,0,0,0,0,0,0,0,0,0,1,0,0,0,0,0,0,0,0,0,0,0,0,1,0,0,1,0,0,0,0,1,0,0,0,0,1,A27UMIQQM5ELH,34Z02EIMITTSHA4IXZ4B0LQY5H0T0F
1,8,14,8,3,0,1,0.45974500000011176,2,3,1,NaN,NaN,NaN,NaN,NaN,1,1,0,0,1,0,0,0,0,1,0,0,0,0,0,0,0,1,0,0,0,0,0,0,0,0,0,0,0,0,1,0,0,0,0,0,0,0,0,0,0,0,0,1,0,0,0,0,0,0,0,0,0,1,A27UMIQQM5ELH,34Z02EIMITTSHA4IXZ4B0LQY5H0T0F
1,8,15,13,8,1,1,0.8307000000495464,2,8,1,NaN,NaN,NaN,NaN,NaN,1,1,0,0,0,0,0,0,0,1,0,0,0,0,1,0,0,0,0,0,0,0,1,0,0,0,0,0,0,0,0,0,0,0,0,1,0,0,0,0,0,0,0,0,0,0,0,0,1,0,0,0,0,1,A27UMIQQM5ELH,34Z02EIMITTSHA4IXZ4B0LQY5H0T0F
1,9,1,10,11,1,1,0.7829449999844655,2,11,1,NaN,NaN,NaN,NaN,NaN,1,1,0,0,0,0,0,0,0,0,0,1,1,0,0,0,0,0,0,0,0,0,0,0,0,1,0,0,0,0,0,0,0,0,0,0,0,0,1,0,0,0,0,0,0,0,0,0,0,0,1,1,1,0,A27UMIQQM5ELH,34Z02EIMITTSHA4IXZ4B0LQY5H0T0F
1,9,2,10,11,0,0,0.5470249999780208,2,11,0,NaN,NaN,NaN,NaN,NaN,1,1,0,0,0,0,0,0,0,0,0,1,1,0,0,0,0,0,0,0,0,0,0,0,0,1,0,0,0,0,0,0,0,0,0,0,0,0,0,0,0,0,0,0,0,0,0,0,0,0,0,0,1,0,A27UMIQQM5ELH,34Z02EIMITTSHA4IXZ4B0LQY5H0T0F
1,9,3,10,11,1,1,0.5195850000018254,1,10,1,NaN,NaN,NaN,NaN,NaN,1,1,0,0,0,0,0,0,0,0,0,1,1,0,0,0,0,0,0,0,0,0,0,0,1,0,0,0,0,0,0,0,0,0,0,0,0,1,0,0,0,0,0,0,0,0,0,0,0,0,1,1,1,0,A27UMIQQM5ELH,34Z02EIMITTSHA4IXZ4B0LQY5H0T0F
1,9,4,10,11,1,0,0.44958000001497567,2,11,0,NaN,NaN,NaN,NaN,NaN,1,1,0,0,0,0,0,0,0,0,0,1,1,0,0,0,0,0,0,0,0,0,0,0,0,1,0,0,0,0,0,0,0,0,0,0,0,0,0,0,0,0,0,0,0,0,0,0,0,0,1,0,1,0,A27UMIQQM5ELH,34Z02EIMITTSHA4IXZ4B0LQY5H0T0F
1,9,5,10,11,0,1,0.4296049999538809,1,10,0,NaN,NaN,NaN,NaN,NaN,1,1,0,0,0,0,0,0,0,0,0,1,1,0,0,0,0,0,0,0,0,0,0,0,1,0,0,0,0,0,0,0,0,0,0,0,0,0,0,0,0,0,0,0,0,0,0,0,0,0,0,1,0,0,A27UMIQQM5ELH,34Z02EIMITTSHA4IXZ4B0LQY5H0T0F
1,9,6,11,10,0,1,0.57242999994196,2,10,1,NaN,NaN,NaN,NaN,NaN,1,1,0,0,0,0,0,0,0,0,0,1,1,0,0,0,0,0,0,0,0,0,0,0,1,0,0,0,0,0,0,0,0,0,0,0,0,1,0,0,0,0,0,0,0,0,0,0,0,0,1,0,1,0,A27UMIQQM5ELH,34Z02EIMITTSHA4IXZ4B0LQY5H0T0F
1,9,7,11,10,0,1,0.7541849999688566,2,10,1,NaN,NaN,NaN,NaN,NaN,1,1,0,0,0,0,0,0,0,0,0,1,1,0,0,0,0,0,0,0,0,0,0,0,1,0,0,0,0,0,0,0,0,0,0,0,0,1,0,0,0,0,0,0,0,0,0,0,0,0,1,0,1,0,A27UMIQQM5ELH,34Z02EIMITTSHA4IXZ4B0LQY5H0T0F
1,9,8,10,11,0,0,0.139435000019148,1,10,0,NaN,NaN,NaN,NaN,NaN,1,1,0,0,0,0,0,0,0,0,0,1,1,0,0,0,0,0,0,0,0,0,0,0,1,0,0,0,0,0,0,0,0,0,0,0,0,0,0,0,0,0,0,0,0,0,0,0,0,0,0,0,1,0,A27UMIQQM5ELH,34Z02EIMITTSHA4IXZ4B0LQY5H0T0F
1,9,9,11,10,0,0,0.5683800000697374,1,11,0,NaN,NaN,NaN,NaN,NaN,1,1,0,0,0,0,0,0,0,0,0,1,1,0,0,0,0,0,0,0,0,0,0,0,0,1,0,0,0,0,0,0,0,0,0,0,0,0,0,0,0,0,0,0,0,0,0,0,0,0,0,0,1,0,A27UMIQQM5ELH,34Z02EIMITTSHA4IXZ4B0LQY5H0T0F
1,9,10,11,10,0,1,0.403639999916777,1,11,0,NaN,NaN,NaN,NaN,NaN,1,1,0,0,0,0,0,0,0,0,0,1,1,0,0,0,0,0,0,0,0,0,0,0,0,1,0,0,0,0,0,0,0,0,0,0,0,0,0,0,0,0,0,0,0,0,0,0,0,0,1,0,1,0,A27UMIQQM5ELH,34Z02EIMITTSHA4IXZ4B0LQY5H0T0F
1,9,11,10,12,0,0,0.35566000000108033,1,10,0,NaN,NaN,NaN,NaN,NaN,1,1,0,0,0,0,0,0,0,0,0,1,0,1,0,0,0,0,0,0,0,0,0,0,1,0,0,0,0,0,0,0,0,0,0,0,0,0,0,0,0,0,0,0,0,0,0,0,0,0,0,0,0,0,A27UMIQQM5ELH,34Z02EIMITTSHA4IXZ4B0LQY5H0T0F
1,9,12,12,10,1,0,0.5560350000159815,1,12,1,NaN,NaN,NaN,NaN,NaN,1,1,0,0,0,0,0,0,0,0,0,1,0,1,0,0,0,0,0,0,0,0,0,0,0,0,1,0,0,0,0,0,0,0,0,0,0,0,0,1,0,0,0,0,0,0,0,0,0,0,0,0,1,0,A27UMIQQM5ELH,34Z02EIMITTSHA4IXZ4B0LQY5H0T0F
1,9,13,10,11,1,0,0.6285200000274926,2,11,0,NaN,NaN,NaN,NaN,NaN,1,1,0,0,0,0,0,0,0,0,0,1,1,0,0,0,0,0,0,0,0,0,0,0,0,1,0,0,0,0,0,0,0,0,0,0,0,0,0,0,0,0,0,0,0,0,0,0,0,0,1,0,1,0,A27UMIQQM5ELH,34Z02EIMITTSHA4IXZ4B0LQY5H0T0F
1,9,14,12,11,1,0,0.3074900000356138,1,12,1,NaN,NaN,NaN,NaN,NaN,1,1,0,0,0,0,0,0,0,0,0,0,1,1,0,0,0,0,0,0,0,0,0,0,0,0,1,0,0,0,0,0,0,0,0,0,0,0,0,1,0,0,0,0,0,0,0,0,0,0,0,0,1,0,A27UMIQQM5ELH,34Z02EIMITTSHA4IXZ4B0LQY5H0T0F
1,9,15,10,11,1,0,0.8112050000345334,2,11,0,NaN,NaN,NaN,NaN,NaN,1,1,0,0,0,0,0,0,0,0,0,1,1,0,0,0,0,0,0,0,0,0,0,0,0,1,0,0,0,0,0,0,0,0,0,0,0,0,0,0,0,0,0,0,0,0,0,0,0,0,1,0,0,0,A27UMIQQM5ELH,34Z02EIMITTSHA4IXZ4B0LQY5H0T0F
1,10,1,10,1,1,0,0.4056150000542402,2,1,0,NaN,NaN,NaN,NaN,NaN,1,1,1,0,0,0,0,0,0,0,0,1,0,0,0,1,0,0,0,0,0,0,0,0,0,0,0,0,0,0,0,0,0,0,0,0,0,0,0,0,0,0,0,0,0,0,1,0,0,0,1,0,0,0,A27UMIQQM5ELH,34Z02EIMITTSHA4IXZ4B0LQY5H0T0F
1,10,2,1,10,0,1,0.6717200001003221,2,10,1,NaN,NaN,NaN,NaN,NaN,1,1,1,0,0,0,0,0,0,0,0,1,0,0,0,0,0,0,0,0,0,0,0,0,1,0,0,0,0,0,0,0,0,0,0,0,0,1,0,0,0,0,0,0,0,0,1,0,0,0,1,0,0,0,A27UMIQQM5ELH,34Z02EIMITTSHA4IXZ4B0LQY5H0T0F
1,10,3,1,10,1,1,0.5493300000671297,2,10,1,NaN,NaN,NaN,NaN,NaN,1,1,1,0,0,0,0,0,0,0,0,1,0,0,0,0,0,0,0,0,0,0,0,0,1,0,0,0,0,0,0,0,0,0,0,0,0,1,0,0,0,1,0,0,0,0,0,0,0,0,1,0,0,0,A27UMIQQM5ELH,34Z02EIMITTSHA4IXZ4B0LQY5H0T0F
1,10,4,10,1,0,1,0.4515850000316277,1,10,0,NaN,NaN,NaN,NaN,NaN,1,1,1,0,0,0,0,0,0,0,0,1,0,0,0,0,0,0,0,0,0,0,0,0,1,0,0,0,0,0,0,0,0,0,0,0,0,0,0,0,0,1,0,0,0,0,0,0,0,0,0,0,0,0,A27UMIQQM5ELH,34Z02EIMITTSHA4IXZ4B0LQY5H0T0F
1,10,5,1,10,1,1,0.4720250000245869,1,1,1,NaN,NaN,NaN,NaN,NaN,1,1,1,0,0,0,0,0,0,0,0,1,0,0,0,1,0,0,0,0,0,0,0,0,0,0,0,0,1,0,0,0,0,0,0,0,0,0,0,0,0,1,0,0,0,0,0,0,0,0,1,0,0,0,A27UMIQQM5ELH,34Z02EIMITTSHA4IXZ4B0LQY5H0T0F
1,10,6,10,1,0,0,0.5746449999278411,1,10,0,NaN,NaN,NaN,NaN,NaN,1,1,1,0,0,0,0,0,0,0,0,1,0,0,0,0,0,0,0,0,0,0,0,0,1,0,0,0,0,0,0,0,0,0,0,0,0,0,0,0,0,0,0,0,0,0,0,0,0,0,0,0,0,0,A27UMIQQM5ELH,34Z02EIMITTSHA4IXZ4B0LQY5H0T0F
1,10,7,10,1,0,1,0.4132100000279024,1,10,0,NaN,NaN,NaN,NaN,NaN,1,1,1,0,0,0,0,0,0,0,0,1,0,0,0,0,0,0,0,0,0,0,0,0,1,0,0,0,0,0,0,0,0,0,0,0,0,0,0,0,0,1,0,0,0,0,0,0,0,0,0,0,0,0,A27UMIQQM5ELH,34Z02EIMITTSHA4IXZ4B0LQY5H0T0F
1,10,8,1,10,0,0,0.5530650001019239,1,1,0,NaN,NaN,NaN,NaN,NaN,1,1,1,0,0,0,0,0,0,0,0,1,0,0,0,1,0,0,0,0,0,0,0,0,0,0,0,0,0,0,0,0,0,0,0,0,0,0,0,0,0,0,0,0,0,0,0,0,0,0,0,0,0,0,A27UMIQQM5ELH,34Z02EIMITTSHA4IXZ4B0LQY5H0T0F
1,10,9,1,10,1,0,0.46069000009447336,2,10,0,NaN,NaN,NaN,NaN,NaN,1,1,1,0,0,0,0,0,0,0,0,1,0,0,0,0,0,0,0,0,0,0,0,0,1,0,0,0,0,0,0,0,0,0,0,0,0,0,0,0,0,1,0,0,0,0,0,0,0,0,0,0,0,0,A27UMIQQM5ELH,34Z02EIMITTSHA4IXZ4B0LQY5H0T0F
1,10,10,6,10,0,1,0.6328999999677762,1,6,0,NaN,NaN,NaN,NaN,NaN,1,1,0,0,0,0,0,1,0,0,0,1,0,0,0,0,0,0,0,0,1,0,0,0,0,0,0,0,0,0,0,0,0,0,0,0,0,0,0,0,0,1,0,0,0,0,0,0,0,0,1,0,0,0,A27UMIQQM5ELH,34Z02EIMITTSHA4IXZ4B0LQY5H0T0F
1,10,11,6,1,0,0,0.4295699999202043,1,6,0,NaN,NaN,NaN,NaN,NaN,1,1,1,0,0,0,0,1,0,0,0,0,0,0,0,0,0,0,0,0,1,0,0,0,0,0,0,0,0,0,0,0,0,0,0,0,0,0,0,0,0,0,0,0,0,0,0,0,0,0,1,0,0,0,A27UMIQQM5ELH,34Z02EIMITTSHA4IXZ4B0LQY5H0T0F
1,10,12,1,6,0,0,0.46956500003580004,1,1,0,NaN,NaN,NaN,NaN,NaN,1,1,1,0,0,0,0,1,0,0,0,0,0,0,0,1,0,0,0,0,0,0,0,0,0,0,0,0,0,0,0,0,0,0,0,0,0,0,0,0,0,0,0,0,0,0,0,0,0,0,1,0,0,0,A27UMIQQM5ELH,34Z02EIMITTSHA4IXZ4B0LQY5H0T0F
1,10,13,1,6,0,0,0.5394450000021607,2,6,0,NaN,NaN,NaN,NaN,NaN,1,1,1,0,0,0,0,1,0,0,0,0,0,0,0,0,0,0,0,0,1,0,0,0,0,0,0,0,0,0,0,0,0,0,0,0,0,0,0,0,0,0,0,0,0,0,0,0,0,0,0,0,0,0,A27UMIQQM5ELH,34Z02EIMITTSHA4IXZ4B0LQY5H0T0F
1,10,14,10,1,1,1,1.0237600000109524,2,1,1,NaN,NaN,NaN,NaN,NaN,1,1,1,0,0,0,0,0,0,0,0,1,0,0,0,1,0,0,0,0,0,0,0,0,0,0,0,0,1,0,0,0,0,0,0,0,0,0,0,0,0,1,0,0,0,0,0,0,0,0,1,0,0,0,A27UMIQQM5ELH,34Z02EIMITTSHA4IXZ4B0LQY5H0T0F
1,10,15,1,10,1,1,0.4536950000328943,1,1,1,NaN,NaN,NaN,NaN,NaN,1,1,1,0,0,0,0,0,0,0,0,1,0,0,0,1,0,0,0,0,0,0,0,0,0,0,0,0,1,0,0,0,0,0,0,0,0,0,0,0,0,1,0,0,0,0,1,0,0,0,1,0,0,0,A27UMIQQM5ELH,34Z02EIMITTSHA4IXZ4B0LQY5H0T0F
1,11,1,10,11,1,0,1.402974999975413,2,11,0,NaN,NaN,NaN,NaN,NaN,1,1,0,0,0,0,0,0,0,0,0,1,1,0,0,0,0,0,0,0,0,0,0,0,0,1,0,0,0,0,0,0,0,0,0,0,0,0,0,0,0,0,1,0,0,0,0,0,0,0,1,0,0,0,A27UMIQQM5ELH,34Z02EIMITTSHA4IXZ4B0LQY5H0T0F
1,11,2,10,11,1,0,0.5387599999085069,1,10,1,NaN,NaN,NaN,NaN,NaN,1,1,0,0,0,0,0,0,0,0,0,1,1,0,0,0,0,0,0,0,0,0,0,0,1,0,0,0,0,0,0,0,0,0,0,0,0,1,0,0,0,0,1,0,0,0,0,0,0,0,1,0,0,0,A27UMIQQM5ELH,34Z02EIMITTSHA4IXZ4B0LQY5H0T0F
1,11,3,10,11,0,0,0.38949999993201345,2,11,0,NaN,NaN,NaN,NaN,NaN,1,1,0,0,0,0,0,0,0,0,0,1,1,0,0,0,0,0,0,0,0,0,0,0,0,1,0,0,0,0,0,0,0,0,0,0,0,0,0,0,0,0,1,0,0,0,0,0,0,0,0,0,0,0,A27UMIQQM5ELH,34Z02EIMITTSHA4IXZ4B0LQY5H0T0F
1,11,4,11,10,0,0,0.4471800000173971,1,11,0,NaN,NaN,NaN,NaN,NaN,1,1,0,0,0,0,0,0,0,0,0,1,1,0,0,0,0,0,0,0,0,0,0,0,0,1,0,0,0,0,0,0,0,0,0,0,0,0,0,0,0,0,0,0,0,0,0,0,0,0,0,0,0,0,A27UMIQQM5ELH,34Z02EIMITTSHA4IXZ4B0LQY5H0T0F
1,11,5,10,11,0,0,0.6058150000171736,2,11,0,NaN,NaN,NaN,NaN,NaN,1,1,0,0,0,0,0,0,0,0,0,1,1,0,0,0,0,0,0,0,0,0,0,0,0,1,0,0,0,0,0,0,0,0,0,0,0,0,0,0,0,0,1,0,0,0,0,0,0,0,0,0,0,0,A27UMIQQM5ELH,34Z02EIMITTSHA4IXZ4B0LQY5H0T0F
1,11,6,10,11,0,1,0.8709750000853091,1,10,0,NaN,NaN,NaN,NaN,NaN,1,1,0,0,0,0,0,0,0,0,0,1,1,0,0,0,0,0,0,0,0,0,0,0,1,0,0,0,0,0,0,0,0,0,0,0,0,0,0,0,0,0,1,0,0,0,0,0,0,0,0,1,0,0,A27UMIQQM5ELH,34Z02EIMITTSHA4IXZ4B0LQY5H0T0F
1,11,7,11,10,1,0,0.5477449999889359,2,10,0,NaN,NaN,NaN,NaN,NaN,1,1,0,0,0,0,0,0,0,0,0,1,1,0,0,0,0,0,0,0,0,0,0,0,1,0,0,0,0,0,0,0,0,0,0,0,0,0,0,0,0,0,0,0,0,0,0,0,0,0,0,1,0,0,A27UMIQQM5ELH,34Z02EIMITTSHA4IXZ4B0LQY5H0T0F
1,11,8,2,10,1,1,0.6658499999903142,1,2,1,NaN,NaN,NaN,NaN,NaN,1,1,0,1,0,0,0,0,0,0,0,1,0,0,0,0,1,0,0,0,0,0,0,0,0,0,0,0,0,1,0,0,0,0,0,0,0,0,0,0,0,0,1,0,0,0,0,0,0,0,1,0,0,0,A27UMIQQM5ELH,34Z02EIMITTSHA4IXZ4B0LQY5H0T0F
1,11,9,11,2,0,0,0.5675999999511987,2,2,0,NaN,NaN,NaN,NaN,NaN,1,1,0,1,0,0,0,0,0,0,0,0,1,0,0,0,1,0,0,0,0,0,0,0,0,0,0,0,0,0,0,0,0,0,0,0,0,0,0,0,0,0,0,0,0,0,0,0,0,0,1,0,0,0,A27UMIQQM5ELH,34Z02EIMITTSHA4IXZ4B0LQY5H0T0F
1,11,10,2,11,1,0,0.5102650000480935,1,2,1,NaN,NaN,NaN,NaN,NaN,1,1,0,1,0,0,0,0,0,0,0,0,1,0,0,0,1,0,0,0,0,0,0,0,0,0,0,0,0,1,0,0,0,0,0,0,0,0,0,0,0,0,1,0,0,0,0,0,0,0,1,0,0,0,A27UMIQQM5ELH,34Z02EIMITTSHA4IXZ4B0LQY5H0T0F
1,11,11,2,11,1,0,0.5567249999148771,2,11,0,NaN,NaN,NaN,NaN,NaN,1,1,0,1,0,0,0,0,0,0,0,0,1,0,0,0,0,0,0,0,0,0,0,0,0,1,0,0,0,0,0,0,0,0,0,0,0,0,0,0,0,0,1,0,0,0,0,0,0,0,1,0,0,0,A27UMIQQM5ELH,34Z02EIMITTSHA4IXZ4B0LQY5H0T0F
1,11,12,2,10,0,0,0.4381849999772385,1,2,0,NaN,NaN,NaN,NaN,NaN,1,1,0,1,0,0,0,0,0,0,0,1,0,0,0,0,1,0,0,0,0,0,0,0,0,0,0,0,0,0,0,0,0,0,0,0,0,0,0,0,0,0,0,0,0,0,0,0,0,0,0,1,0,0,A27UMIQQM5ELH,34Z02EIMITTSHA4IXZ4B0LQY5H0T0F
1,11,13,11,2,0,0,0.6774999999906868,2,2,0,NaN,NaN,NaN,NaN,NaN,1,1,0,1,0,0,0,0,0,0,0,0,1,0,0,0,1,0,0,0,0,0,0,0,0,0,0,0,0,0,0,0,0,0,0,0,0,0,0,0,0,0,0,0,0,0,0,0,0,0,1,0,0,0,A27UMIQQM5ELH,34Z02EIMITTSHA4IXZ4B0LQY5H0T0F
1,11,14,10,2,1,0,0.5160499999765307,1,10,1,NaN,NaN,NaN,NaN,NaN,1,1,0,1,0,0,0,0,0,0,0,1,0,0,0,0,0,0,0,0,0,0,0,0,1,0,0,0,0,0,0,0,0,0,0,0,0,1,0,0,0,0,0,0,0,0,0,0,0,0,1,0,0,0,A27UMIQQM5ELH,34Z02EIMITTSHA4IXZ4B0LQY5H0T0F
1,11,15,2,10,0,1,0.4876550000626594,1,2,0,NaN,NaN,NaN,NaN,NaN,1,1,0,1,0,0,0,0,0,0,0,1,0,0,0,0,1,0,0,0,0,0,0,0,0,0,0,0,0,0,0,0,0,0,0,0,0,0,0,0,0,0,0,0,0,0,0,0,0,0,1,0,0,0,A27UMIQQM5ELH,34Z02EIMITTSHA4IXZ4B0LQY5H0T0F
