workerId,survey_catchcorr,survey_irv_min,survey_reliable,survey_rt_min,survey_psychsyn,survey_psychant,task_redo_max
A002160837SWJFPIAI7L7,NA,FALSE,FALSE,FALSE,FALSE,FALSE,FALSE
A1D9UUBPZPYKZS,FALSE,FALSE,FALSE,FALSE,FALSE,FALSE,FALSE
A1P3HHEXWNLJMP,FALSE,FALSE,FALSE,FALSE,FALSE,FALSE,FALSE
A1YGJPSS0T3O6J,NA,FALSE,FALSE,FALSE,FALSE,FALSE,FALSE
A21D9YDJU8K2QI,FALSE,FALSE,FALSE,FALSE,FALSE,FALSE,FALSE
A22DVMN2Y3XHWA,NA,FALSE,FALSE,FALSE,FALSE,FALSE,FALSE
A2ESBX4C2Q6TQY,FALSE,FALSE,FALSE,FALSE,FALSE,FALSE,FALSE
A2I43BDUPAM00C,NA,FALSE,FALSE,FALSE,FALSE,FALSE,FALSE
A2LJTCHPRZLGS7,FALSE,FALSE,FALSE,FALSE,FALSE,FALSE,FALSE
A2QPMJ4GADLUW2,FALSE,FALSE,FALSE,FALSE,FALSE,FALSE,FALSE
A321WQIFK10UV3,NA,FALSE,FALSE,FALSE,FALSE,FALSE,FALSE
A34DYM8J0X5VK,FALSE,TRUE,FALSE,FALSE,FALSE,FALSE,FALSE
A3C99LYQMQISUF,FALSE,FALSE,FALSE,FALSE,FALSE,FALSE,FALSE
A3DDYGSM8CLJW,FALSE,FALSE,FALSE,FALSE,FALSE,FALSE,FALSE
A3KWYUV3VSNIZA,NA,FALSE,FALSE,FALSE,FALSE,FALSE,FALSE
A3MA5BJ4I2JAO2,FALSE,FALSE,FALSE,FALSE,FALSE,FALSE,FALSE
A3PQVDFT21IISU,NA,FALSE,FALSE,FALSE,FALSE,FALSE,FALSE
A3UD7T1L80TCR3,FALSE,FALSE,FALSE,FALSE,FALSE,FALSE,FALSE
A5TN0KXEPV4QP,NA,FALSE,FALSE,FALSE,FALSE,FALSE,FALSE
A7P324L1TFL19,FALSE,FALSE,FALSE,FALSE,FALSE,FALSE,FALSE
AEQT4MJIZFCZ4,NA,FALSE,FALSE,FALSE,FALSE,FALSE,FALSE
AU1DRUXNBAJ16,NA,FALSE,FALSE,FALSE,FALSE,FALSE,FALSE
AXOJ3M1TZ7ZWI,NA,FALSE,FALSE,FALSE,FALSE,FALSE,FALSE
AYIFHDQSXQJ6B,FALSE,FALSE,FALSE,FALSE,FALSE,FALSE,FALSE
A104V8NZIQFN2F,FALSE,FALSE,FALSE,FALSE,FALSE,FALSE,FALSE
A120PN22KW0VPY,NA,FALSE,FALSE,FALSE,FALSE,FALSE,FALSE
A1B7GQTH9YG04X,FALSE,FALSE,FALSE,FALSE,FALSE,FALSE,FALSE
A1F4TB5AD4LKLO,FALSE,FALSE,FALSE,FALSE,FALSE,FALSE,FALSE
A1MJVTR0PCKBWW,FALSE,FALSE,FALSE,FALSE,FALSE,FALSE,FALSE
A1PLQHFKRPQ188,NA,FALSE,FALSE,FALSE,FALSE,FALSE,FALSE
A1X0H6VAK3AQE9,NA,FALSE,FALSE,FALSE,FALSE,FALSE,FALSE
A1XBWSV6TWJUU8,NA,FALSE,FALSE,FALSE,FALSE,FALSE,FALSE
A203M04929HFP4,NA,FALSE,FALSE,FALSE,FALSE,FALSE,FALSE
A286W816CMIZL9,FALSE,FALSE,FALSE,FALSE,FALSE,FALSE,FALSE
A2CISHIOILFDHN,NA,FALSE,FALSE,FALSE,FALSE,FALSE,FALSE
A2ELH7YDLFNJUZ,NA,FALSE,FALSE,FALSE,FALSE,FALSE,FALSE
A2H0A9JR2ZDR24,FALSE,FALSE,FALSE,FALSE,FALSE,FALSE,FALSE
A2JBNDG0U9IA6I,NA,FALSE,FALSE,FALSE,FALSE,FALSE,FALSE
A2KW17G25L25R8,FALSE,FALSE,FALSE,FALSE,FALSE,FALSE,FALSE
A2R1LWOGQJTGRL,NA,FALSE,FALSE,FALSE,FALSE,FALSE,FALSE
A2WSVHUR3V9TTJ,NA,FALSE,FALSE,FALSE,FALSE,FALSE,FALSE
A2WTN1428D16MR,NA,FALSE,FALSE,FALSE,FALSE,FALSE,FALSE
A2YA1ZM1V760Q1,NA,TRUE,FALSE,FALSE,FALSE,FALSE,FALSE
A34CQE6RGU49L7,FALSE,FALSE,FALSE,FALSE,FALSE,FALSE,FALSE
A362RXUHDXF7EA,FALSE,FALSE,FALSE,FALSE,FALSE,FALSE,FALSE
A3APMO8WXVH1V0,FALSE,FALSE,FALSE,FALSE,FALSE,FALSE,FALSE
A3CWEN6Y21V7TL,NA,FALSE,FALSE,FALSE,FALSE,FALSE,FALSE
A3DUAHX5VT0ZMY,NA,FALSE,FALSE,FALSE,FALSE,FALSE,FALSE
A3HGZDLMCKGPSE,NA,FALSE,FALSE,FALSE,FALSE,FALSE,FALSE
A53S7J4JGWG38,FALSE,FALSE,FALSE,FALSE,FALSE,FALSE,FALSE
AB8PO6YYQK3YH,NA,FALSE,FALSE,FALSE,FALSE,FALSE,FALSE
AK5LNLWKVISPI,NA,FALSE,FALSE,FALSE,FALSE,FALSE,FALSE
AKJAMVEVMQPHS,FALSE,FALSE,FALSE,FALSE,FALSE,FALSE,FALSE
AP0RILUOP7SW6,FALSE,FALSE,FALSE,FALSE,FALSE,FALSE,FALSE
ARX6TEDA5Q0DB,FALSE,FALSE,FALSE,FALSE,FALSE,FALSE,FALSE
ASL9DJYE4F92C,NA,FALSE,FALSE,FALSE,FALSE,FALSE,FALSE
AZ9VGP5R8E9QB,NA,FALSE,FALSE,FALSE,FALSE,FALSE,FALSE
A12YRP4B70IFU3,FALSE,FALSE,FALSE,FALSE,FALSE,FALSE,FALSE
A159IA6F6H52HQ,TRUE,TRUE,FALSE,TRUE,FALSE,FALSE,FALSE
A17Z5AETB8KMVC,TRUE,FALSE,FALSE,TRUE,TRUE,FALSE,FALSE
A18QKM5Z69TLS,FALSE,FALSE,FALSE,FALSE,FALSE,FALSE,FALSE
A18R0AUVIN6WX,FALSE,FALSE,FALSE,FALSE,FALSE,FALSE,FALSE
A19TD2J8506A4Y,FALSE,FALSE,FALSE,FALSE,FALSE,FALSE,FALSE
A1BHS3P43IEM0C,TRUE,TRUE,FALSE,TRUE,FALSE,FALSE,FALSE
A1EMZIYF5ZO6JB,TRUE,FALSE,TRUE,TRUE,TRUE,FALSE,FALSE
A1FDT9TI1EUTUT,TRUE,FALSE,FALSE,TRUE,FALSE,FALSE,FALSE
A1HJV1Z4FCM0N6,TRUE,TRUE,FALSE,TRUE,FALSE,FALSE,FALSE
A1IFIK8J49WBER,FALSE,FALSE,FALSE,FALSE,FALSE,FALSE,FALSE
A1JSVBR3BE3FJP,FALSE,FALSE,FALSE,FALSE,FALSE,FALSE,FALSE
A1LSFPPDGORPB0,FALSE,FALSE,FALSE,FALSE,FALSE,FALSE,FALSE
A1M1E62KXCDNL0,FALSE,FALSE,FALSE,FALSE,FALSE,FALSE,FALSE
A1MBOVL1252O51,TRUE,FALSE,FALSE,TRUE,FALSE,FALSE,FALSE
A1OLW2WXCHKX37,FALSE,FALSE,FALSE,FALSE,FALSE,FALSE,FALSE
A1PQTHY6IUEFFF,FALSE,FALSE,FALSE,FALSE,FALSE,FALSE,FALSE
A1QD1AI1FFZF35,FALSE,FALSE,FALSE,FALSE,FALSE,FALSE,FALSE
A1TKDVMKM4VWQ8,TRUE,FALSE,FALSE,TRUE,FALSE,FALSE,FALSE
A1UCT0G5KXLBMU,FALSE,TRUE,FALSE,FALSE,FALSE,FALSE,FALSE
A1ULX8TTW7ZFV7,TRUE,TRUE,FALSE,TRUE,FALSE,FALSE,FALSE
A1YY9C43J4LJTF,FALSE,FALSE,FALSE,FALSE,FALSE,FALSE,FALSE
A201524B1GJWBO,TRUE,TRUE,FALSE,FALSE,FALSE,TRUE,FALSE
A256DAIUSITOHS,TRUE,FALSE,FALSE,TRUE,FALSE,FALSE,FALSE
A27NU7HHB8ONQN,TRUE,TRUE,FALSE,TRUE,FALSE,FALSE,FALSE
A27YZB3G8P1DTE,FALSE,FALSE,FALSE,FALSE,FALSE,FALSE,FALSE
A27ZDYCRUYFJX4,FALSE,FALSE,FALSE,FALSE,FALSE,FALSE,FALSE
A2CFWSOCEXD81T,TRUE,TRUE,FALSE,TRUE,FALSE,FALSE,FALSE
A2EN2JB0M007A6,TRUE,TRUE,FALSE,TRUE,FALSE,FALSE,FALSE
A2G53Y36QD1ZGV,FALSE,FALSE,FALSE,FALSE,FALSE,FALSE,FALSE
A2JOUZDN5UTBNK,TRUE,TRUE,FALSE,TRUE,FALSE,FALSE,FALSE
A2N1SLTD9SIVLR,TRUE,TRUE,FALSE,TRUE,FALSE,FALSE,FALSE
A2N1WFVUYXM1F8,FALSE,FALSE,FALSE,FALSE,FALSE,TRUE,FALSE
A2OLQUU01EOJLH,FALSE,FALSE,FALSE,FALSE,FALSE,FALSE,FALSE
A2R1011DR8EXHQ,FALSE,FALSE,FALSE,FALSE,FALSE,FALSE,FALSE
A2TFKXM3RYT39Y,FALSE,FALSE,FALSE,FALSE,TRUE,FALSE,FALSE
A2TXUNEHPTW3Z3,FALSE,FALSE,FALSE,FALSE,FALSE,FALSE,FALSE
A2UAHW3Q7S45JP,FALSE,FALSE,FALSE,FALSE,FALSE,FALSE,FALSE
A2V3P1XE33NYC3,FALSE,FALSE,FALSE,FALSE,FALSE,FALSE,FALSE
A2YNLDUCO22THM,TRUE,FALSE,FALSE,TRUE,FALSE,FALSE,FALSE
A2YZVS6MBFQQPQ,FALSE,FALSE,FALSE,FALSE,FALSE,FALSE,FALSE
A2ZIO0ZTIXOE9J,FALSE,FALSE,FALSE,FALSE,FALSE,FALSE,FALSE
A327V746DXH6ID,FALSE,FALSE,FALSE,FALSE,FALSE,FALSE,FALSE
A32YT7XWI6B81S,FALSE,FALSE,FALSE,FALSE,FALSE,FALSE,FALSE
A33UTM8NL7S0D6,TRUE,TRUE,FALSE,TRUE,TRUE,FALSE,FALSE
A352HXBR7NLX96,FALSE,FALSE,FALSE,FALSE,FALSE,FALSE,FALSE
A36RRKY24M6NL8,TRUE,FALSE,TRUE,FALSE,TRUE,FALSE,FALSE
A39HRVAJ5ISRL7,FALSE,FALSE,FALSE,FALSE,FALSE,FALSE,FALSE
A3FJ3XMXO8UAJ0,FALSE,FALSE,FALSE,FALSE,FALSE,FALSE,FALSE
A3GUF18IX4RGJK,FALSE,FALSE,FALSE,FALSE,FALSE,FALSE,FALSE
A3J2DV36CJYSXQ,TRUE,FALSE,FALSE,TRUE,FALSE,FALSE,FALSE
A3NAEEY1J3T56D,TRUE,FALSE,TRUE,TRUE,TRUE,FALSE,FALSE
A3NQUEB4PGNKZ7,TRUE,TRUE,TRUE,TRUE,FALSE,FALSE,FALSE
A3O8K08MXAW5C6,FALSE,FALSE,FALSE,FALSE,FALSE,FALSE,FALSE
A3OX9C8S39U9HJ,TRUE,TRUE,FALSE,TRUE,FALSE,FALSE,FALSE
A3PTOOTI7ESD5W,FALSE,TRUE,FALSE,FALSE,FALSE,FALSE,FALSE
A3R6Z6HDL5JGM6,TRUE,FALSE,FALSE,TRUE,FALSE,FALSE,FALSE
A3VPD34C23PQTQ,FALSE,FALSE,FALSE,FALSE,FALSE,FALSE,FALSE
A5M58F7N23SEE,FALSE,FALSE,FALSE,FALSE,FALSE,FALSE,FALSE
A7PEDAB3ALEYA,FALSE,FALSE,FALSE,FALSE,FALSE,FALSE,FALSE
A8EPYZKX470Z2,TRUE,FALSE,FALSE,TRUE,FALSE,FALSE,FALSE
AA4O2W236E3FW,FALSE,FALSE,FALSE,FALSE,FALSE,FALSE,FALSE
AAP4Q6KBJ2NRO,TRUE,FALSE,FALSE,TRUE,FALSE,FALSE,FALSE
ABF5ENVB19SC4,FALSE,FALSE,FALSE,FALSE,FALSE,FALSE,FALSE
ADXHWQLUQBK77,FALSE,FALSE,FALSE,FALSE,FALSE,FALSE,FALSE
AGVDS502HYA33,TRUE,TRUE,FALSE,TRUE,FALSE,FALSE,FALSE
AJE5OG666CBAC,FALSE,FALSE,FALSE,FALSE,FALSE,FALSE,FALSE
AKMOBFEEKW378,FALSE,FALSE,FALSE,FALSE,FALSE,FALSE,FALSE
AL9EM0WI8GA3P,TRUE,FALSE,FALSE,TRUE,TRUE,FALSE,FALSE
AM3HRLNKHP7QM,TRUE,TRUE,FALSE,TRUE,FALSE,FALSE,FALSE
ANCCKNF1DKRZO,FALSE,FALSE,FALSE,FALSE,FALSE,FALSE,FALSE
ANF1RX17L0KXB,TRUE,TRUE,FALSE,TRUE,FALSE,FALSE,FALSE
ANV3ZKKIO6IF6,FALSE,FALSE,FALSE,FALSE,FALSE,FALSE,FALSE
AOVK9GXJRHMGB,TRUE,FALSE,FALSE,FALSE,FALSE,FALSE,FALSE
AUD7TLZZGCN7W,FALSE,FALSE,FALSE,FALSE,FALSE,FALSE,FALSE
AVASQBFN6J692,FALSE,FALSE,FALSE,FALSE,FALSE,FALSE,TRUE
AWCUB17Q5I2E0,TRUE,TRUE,FALSE,TRUE,FALSE,FALSE,FALSE
AY7WPVKHVNBLG,FALSE,FALSE,FALSE,FALSE,FALSE,FALSE,FALSE
AZ8NBOTCBCLKG,FALSE,FALSE,FALSE,FALSE,FALSE,FALSE,FALSE
AZQX1CULIBR8W,FALSE,FALSE,FALSE,FALSE,FALSE,FALSE,FALSE
A12GURH9VA1DSL,FALSE,FALSE,TRUE,FALSE,FALSE,FALSE,FALSE
A1B58D405N5JMG,FALSE,FALSE,TRUE,FALSE,TRUE,FALSE,FALSE
A1C6FKYJT2GANX,FALSE,FALSE,FALSE,FALSE,FALSE,FALSE,FALSE
A1E6CS5JV5MNGI,FALSE,FALSE,FALSE,FALSE,FALSE,FALSE,FALSE
A1GZCLBFBKWFEZ,FALSE,FALSE,FALSE,FALSE,FALSE,FALSE,FALSE
A1H8R5W4VMSWTS,TRUE,FALSE,FALSE,FALSE,TRUE,FALSE,TRUE
A1K581IY10MNC0,FALSE,FALSE,FALSE,FALSE,FALSE,FALSE,FALSE
A1QX6HVNTMQA2U,FALSE,FALSE,FALSE,FALSE,FALSE,FALSE,FALSE
A1S8AGMAWK2SZN,TRUE,FALSE,FALSE,TRUE,FALSE,FALSE,FALSE
A1T4HSFG9NPJ23,FALSE,FALSE,FALSE,FALSE,FALSE,FALSE,FALSE
A1VCX33RL5OFNY,TRUE,FALSE,FALSE,TRUE,FALSE,FALSE,FALSE
A1W4IS5NDEFNFL,FALSE,FALSE,FALSE,FALSE,FALSE,FALSE,FALSE
A1WZY0K6IE3ASG,FALSE,FALSE,FALSE,FALSE,FALSE,FALSE,FALSE
A1XE5G7H6AO5HH,FALSE,FALSE,FALSE,FALSE,FALSE,FALSE,FALSE
A1XWKA72Z23TGA,TRUE,FALSE,FALSE,TRUE,TRUE,FALSE,FALSE
A1YCGICA8XCNBH,FALSE,FALSE,FALSE,FALSE,FALSE,FALSE,FALSE
A22ZB2132UJB6Y,FALSE,FALSE,FALSE,FALSE,FALSE,FALSE,FALSE
A24KZEEOBETVFU,FALSE,FALSE,FALSE,FALSE,FALSE,FALSE,TRUE
A26SW58LO86W4T,FALSE,FALSE,FALSE,FALSE,FALSE,FALSE,FALSE
A27CF65UO8YTP,FALSE,FALSE,FALSE,FALSE,FALSE,FALSE,FALSE
A2A0UH228PYMNX,TRUE,FALSE,FALSE,FALSE,FALSE,FALSE,TRUE
A2C3NX6FY216V5,FALSE,FALSE,FALSE,FALSE,FALSE,FALSE,FALSE
A2CMGWK84LFT84,FALSE,FALSE,FALSE,FALSE,FALSE,FALSE,FALSE
A2DU0TGJDZWUCV,FALSE,FALSE,FALSE,FALSE,FALSE,FALSE,FALSE
A2E0X56TAIMWDQ,FALSE,FALSE,FALSE,FALSE,FALSE,FALSE,FALSE
A2FN1RVZKLEV0U,FALSE,FALSE,FALSE,FALSE,FALSE,FALSE,FALSE
A2H0P2FI0JD5Y0,FALSE,FALSE,FALSE,FALSE,FALSE,FALSE,FALSE
A2H6Q22X1V1FTX,FALSE,FALSE,FALSE,FALSE,FALSE,FALSE,FALSE
A2I14UHUQIH4L0,FALSE,FALSE,FALSE,FALSE,FALSE,FALSE,FALSE
A2J66CSF8URI7W,FALSE,FALSE,FALSE,FALSE,FALSE,FALSE,FALSE
A2MEFJWLG046O8,FALSE,FALSE,FALSE,FALSE,TRUE,FALSE,FALSE
A2NCWQFEB8XW22,FALSE,FALSE,FALSE,FALSE,FALSE,FALSE,FALSE
A2QIX7DNN0DZY6,FALSE,FALSE,FALSE,FALSE,FALSE,FALSE,FALSE
A2SEO53WD09OZP,FALSE,FALSE,FALSE,FALSE,FALSE,FALSE,FALSE
A2VPCWI6X1QCDF,FALSE,FALSE,FALSE,TRUE,FALSE,FALSE,FALSE
A2XYIKRQ0RWBJQ,TRUE,TRUE,FALSE,TRUE,FALSE,FALSE,FALSE
A2YYITZ8LPNJX1,FALSE,FALSE,FALSE,FALSE,FALSE,FALSE,FALSE
A32EDXXUOTLBPP,FALSE,TRUE,FALSE,FALSE,FALSE,FALSE,FALSE
A34VID9K8BKKSH,FALSE,FALSE,FALSE,FALSE,FALSE,FALSE,FALSE
A36PRTZFECB76C,FALSE,FALSE,FALSE,FALSE,FALSE,FALSE,FALSE
A36YITYE70JBQQ,FALSE,FALSE,FALSE,FALSE,FALSE,FALSE,FALSE
A3B9QNYDDXGL9I,FALSE,FALSE,FALSE,FALSE,FALSE,FALSE,FALSE
A3CI9V0ENNLUAT,FALSE,FALSE,FALSE,FALSE,FALSE,FALSE,FALSE
A3HHY0ZZ6PC2YW,FALSE,FALSE,FALSE,FALSE,FALSE,FALSE,FALSE
A3HSONMX6LNZR4,FALSE,FALSE,FALSE,FALSE,FALSE,FALSE,FALSE
A3IIA92PUAI331,FALSE,FALSE,FALSE,FALSE,FALSE,FALSE,FALSE
A3JGE5CQMB3MYN,FALSE,FALSE,FALSE,FALSE,FALSE,FALSE,FALSE
A3JPWEQUCQNQDB,FALSE,FALSE,FALSE,FALSE,FALSE,FALSE,FALSE
A3JWQDS7KDKLQM,FALSE,FALSE,FALSE,FALSE,FALSE,FALSE,FALSE
A3L1E2BDYZGGY5,TRUE,FALSE,FALSE,FALSE,FALSE,FALSE,FALSE
A3MKXZZXAUHDFM,FALSE,FALSE,FALSE,FALSE,FALSE,FALSE,FALSE
A3NM4Y7V4UEMM3,FALSE,FALSE,FALSE,FALSE,FALSE,FALSE,FALSE
A3R818WN41K12K,FALSE,FALSE,FALSE,FALSE,FALSE,FALSE,FALSE
A3UZW1NTOX6I15,FALSE,FALSE,FALSE,FALSE,FALSE,FALSE,FALSE
A3V06PKJGI7OY,FALSE,FALSE,TRUE,FALSE,TRUE,FALSE,FALSE
A5BCSSPC180AG,FALSE,FALSE,FALSE,FALSE,FALSE,FALSE,FALSE
AAVXVUCG3TY5E,FALSE,FALSE,TRUE,TRUE,FALSE,FALSE,FALSE
AF3DRX40CNHZR,FALSE,FALSE,FALSE,FALSE,FALSE,FALSE,FALSE
AGPRRX9GD0XJ4,FALSE,FALSE,FALSE,FALSE,FALSE,FALSE,FALSE
AOHQSD0GH8HTE,FALSE,FALSE,FALSE,FALSE,FALSE,FALSE,FALSE
APKTDTD9LK539,FALSE,FALSE,FALSE,FALSE,FALSE,FALSE,FALSE
APXFQMO4UO5XQ,FALSE,FALSE,FALSE,FALSE,TRUE,FALSE,FALSE
AS70QWROQLXKE,FALSE,FALSE,TRUE,FALSE,TRUE,FALSE,TRUE
ASC6X59B0MBBD,TRUE,TRUE,FALSE,FALSE,FALSE,FALSE,FALSE
AV8GCOTWEB6MP,FALSE,FALSE,FALSE,FALSE,FALSE,FALSE,FALSE
AWB4J1GY0YL1J,FALSE,FALSE,FALSE,FALSE,FALSE,FALSE,FALSE
A11BMO1JWTJHSH,FALSE,FALSE,FALSE,FALSE,FALSE,FALSE,FALSE
A13FTIHWW9GE8X,FALSE,TRUE,FALSE,FALSE,FALSE,FALSE,FALSE
A13WYZ8AXD6ODX,FALSE,FALSE,TRUE,FALSE,FALSE,FALSE,FALSE
A1505QWX68GHPU,FALSE,FALSE,FALSE,FALSE,FALSE,FALSE,FALSE
A156I0UDVISMNE,FALSE,FALSE,FALSE,FALSE,FALSE,FALSE,FALSE
A171WYHYRYMYQZ,FALSE,FALSE,FALSE,FALSE,FALSE,FALSE,FALSE
A177426A2F8DUY,FALSE,FALSE,FALSE,FALSE,FALSE,FALSE,FALSE
A18SI8WCQO5Y7G,FALSE,FALSE,FALSE,FALSE,FALSE,FALSE,FALSE
A1HMUS6WQOT9MN,FALSE,FALSE,FALSE,FALSE,FALSE,FALSE,FALSE
A1I90G6VKLPULO,FALSE,FALSE,FALSE,FALSE,FALSE,FALSE,FALSE
A1WSCND5HZZV5N,FALSE,FALSE,FALSE,FALSE,FALSE,FALSE,FALSE
A1YQ54ZCCS1G1C,FALSE,FALSE,FALSE,FALSE,FALSE,FALSE,FALSE
A22J5H2RJVHOAA,FALSE,FALSE,FALSE,FALSE,FALSE,FALSE,FALSE
A22JJ0QDYX1JTP,FALSE,FALSE,FALSE,FALSE,FALSE,FALSE,FALSE
A235ULDV4XUVDM,FALSE,FALSE,FALSE,FALSE,FALSE,FALSE,FALSE
A23A5GN4EU95BU,FALSE,FALSE,FALSE,FALSE,FALSE,FALSE,FALSE
A25LHXY3SAOVBV,FALSE,FALSE,FALSE,FALSE,FALSE,FALSE,FALSE
A27ZW1CY6TMKT8,FALSE,FALSE,FALSE,FALSE,FALSE,FALSE,FALSE
A2AO52H6JDHA83,FALSE,FALSE,FALSE,FALSE,FALSE,FALSE,FALSE
A2BY3NK0YQO891,TRUE,FALSE,FALSE,FALSE,FALSE,FALSE,FALSE
A2CY1TSQ3KKP5Q,FALSE,FALSE,FALSE,FALSE,FALSE,FALSE,FALSE
A2JET844BDM5YN,FALSE,FALSE,FALSE,FALSE,FALSE,FALSE,TRUE
A2RG00DYDHIS6Q,TRUE,FALSE,FALSE,TRUE,FALSE,FALSE,FALSE
A2UKP9VV7OULRX,FALSE,FALSE,FALSE,FALSE,FALSE,FALSE,FALSE
A2WH1XDJ91OSFA,FALSE,FALSE,FALSE,FALSE,FALSE,FALSE,FALSE
A2YCDNVHMPVFG6,FALSE,FALSE,FALSE,FALSE,FALSE,FALSE,FALSE
A2ZEE0T533JG2X,FALSE,FALSE,FALSE,FALSE,FALSE,FALSE,FALSE
A30ZF45ASY02Z6,FALSE,FALSE,FALSE,FALSE,FALSE,FALSE,TRUE
A31PQA4EYWSQI4,FALSE,FALSE,FALSE,FALSE,FALSE,FALSE,FALSE
A33JAZ9472BD3T,TRUE,FALSE,FALSE,FALSE,FALSE,FALSE,FALSE
A33XXH6Q66EH34,FALSE,FALSE,FALSE,FALSE,FALSE,FALSE,FALSE
A345TDMHP3DQ3G,FALSE,FALSE,FALSE,FALSE,FALSE,FALSE,FALSE
A35QZFRG4FKK3Z,FALSE,FALSE,FALSE,FALSE,TRUE,FALSE,FALSE
A3654R5IHKA52J,TRUE,FALSE,FALSE,FALSE,TRUE,FALSE,TRUE
A38RHRTIP0PYNU,FALSE,FALSE,FALSE,FALSE,FALSE,FALSE,FALSE
A3A4IN69KE5N7P,FALSE,FALSE,FALSE,FALSE,FALSE,FALSE,FALSE
A3BLT959N9AEEK,FALSE,FALSE,FALSE,FALSE,FALSE,FALSE,FALSE
A3BOU4ZZPTFC82,FALSE,FALSE,FALSE,FALSE,FALSE,FALSE,FALSE
A3IKFI142RM8LE,FALSE,FALSE,FALSE,FALSE,FALSE,FALSE,FALSE
A3IU2E7QCWYEZI,FALSE,FALSE,FALSE,FALSE,FALSE,FALSE,FALSE
A3K1PM4DQVQ5PY,FALSE,FALSE,FALSE,FALSE,FALSE,TRUE,FALSE
A3KJHBYLVDBQVF,FALSE,FALSE,FALSE,FALSE,FALSE,FALSE,FALSE
A3M6YNC0RI36QY,FALSE,FALSE,FALSE,FALSE,FALSE,FALSE,FALSE
A3MKQ62CNO0MM8,FALSE,FALSE,FALSE,FALSE,FALSE,FALSE,FALSE
A3S51CYI47OM6K,FALSE,FALSE,FALSE,FALSE,TRUE,FALSE,FALSE
A3SOJ9C6L2U7AQ,FALSE,FALSE,FALSE,FALSE,FALSE,FALSE,FALSE
A3TD3PWJ8BU2H1,FALSE,FALSE,FALSE,FALSE,FALSE,FALSE,FALSE
A3UYF2OT5REMG0,TRUE,FALSE,FALSE,FALSE,FALSE,FALSE,FALSE
A3VZUPCZB4Q9XW,FALSE,FALSE,FALSE,FALSE,FALSE,FALSE,FALSE
A5NRU6MXE2ZCC,TRUE,FALSE,FALSE,FALSE,FALSE,FALSE,FALSE
A827A0PSD3R10,FALSE,FALSE,FALSE,FALSE,FALSE,FALSE,FALSE
AAADOFXQJAVKR,FALSE,FALSE,TRUE,FALSE,TRUE,FALSE,FALSE
ABR849Y69MDQI,FALSE,FALSE,FALSE,FALSE,FALSE,FALSE,FALSE
ACBNJC661QT03,TRUE,FALSE,FALSE,FALSE,FALSE,FALSE,FALSE
AD3TJJF3AW5SO,FALSE,FALSE,FALSE,FALSE,FALSE,FALSE,FALSE
ADL6HFLKUSQOZ,FALSE,FALSE,FALSE,FALSE,FALSE,FALSE,FALSE
AF24RKK9OSJNX,TRUE,TRUE,FALSE,TRUE,FALSE,FALSE,FALSE
AFXQR60UTDKIY,FALSE,FALSE,FALSE,FALSE,FALSE,FALSE,FALSE
AG6WJCYSHYMB6,FALSE,FALSE,FALSE,FALSE,FALSE,FALSE,FALSE
AG8PCITDPLLKU,FALSE,FALSE,FALSE,FALSE,FALSE,FALSE,FALSE
AHIEURVG73I4V,TRUE,FALSE,TRUE,FALSE,TRUE,FALSE,FALSE
AI0K2LZWV73MB,FALSE,FALSE,FALSE,FALSE,FALSE,FALSE,FALSE
AI4AO0O0WIJF7,FALSE,FALSE,FALSE,FALSE,FALSE,FALSE,FALSE
AJTPDPN27UCUS,FALSE,FALSE,FALSE,FALSE,FALSE,FALSE,FALSE
AK1PBMID4RD59,FALSE,FALSE,FALSE,FALSE,FALSE,FALSE,FALSE
AKKRC4KZTELS,FALSE,FALSE,FALSE,FALSE,FALSE,FALSE,FALSE
AM1EIZHV3K7F2,FALSE,FALSE,FALSE,FALSE,FALSE,FALSE,FALSE
AMZW35GXJEF7U,FALSE,FALSE,FALSE,FALSE,FALSE,FALSE,FALSE
AQK19RNVF9VCT,FALSE,FALSE,FALSE,FALSE,FALSE,FALSE,FALSE
ARI1EMAHUA9PO,FALSE,FALSE,FALSE,FALSE,FALSE,FALSE,FALSE
AS4NIEQJWCG3M,FALSE,TRUE,FALSE,FALSE,FALSE,FALSE,TRUE
ATHFMB8TXGNQD,FALSE,FALSE,FALSE,FALSE,FALSE,FALSE,FALSE
AVSSED9GFYZV4,FALSE,FALSE,FALSE,FALSE,FALSE,FALSE,FALSE
AWMJZ6KVK2BBP,FALSE,FALSE,FALSE,FALSE,FALSE,FALSE,FALSE
AXD66TU2VX36C,FALSE,FALSE,TRUE,FALSE,TRUE,FALSE,FALSE
AYDJVEDZ1Q3DW,FALSE,TRUE,FALSE,FALSE,FALSE,FALSE,FALSE
A116ZI03NFKZP2,FALSE,FALSE,FALSE,FALSE,FALSE,FALSE,FALSE
A12H4QENEVBRSB,FALSE,FALSE,FALSE,FALSE,FALSE,FALSE,FALSE
A157EF77UKOOXO,FALSE,FALSE,FALSE,FALSE,FALSE,FALSE,FALSE
A19317A3X87NVM,FALSE,FALSE,FALSE,FALSE,FALSE,FALSE,FALSE
A19DVHPN5TEYL7,TRUE,FALSE,TRUE,TRUE,FALSE,FALSE,FALSE
A19YM9K2W233IM,FALSE,FALSE,FALSE,FALSE,FALSE,FALSE,FALSE
A1AWCWWNKROZB4,FALSE,FALSE,FALSE,FALSE,FALSE,FALSE,TRUE
A1AZGIX6JKKXLJ,TRUE,FALSE,TRUE,FALSE,FALSE,TRUE,FALSE
A1CQ0A0GDCNWQM,FALSE,FALSE,FALSE,FALSE,FALSE,FALSE,FALSE
A1DAMLBQ646F3K,TRUE,FALSE,FALSE,TRUE,FALSE,FALSE,FALSE
A1DHGKBQOKC8CC,FALSE,FALSE,FALSE,FALSE,FALSE,FALSE,FALSE
A1G1K9Y2EXBWCC,FALSE,FALSE,FALSE,FALSE,FALSE,FALSE,FALSE
A1HFPDHBLO6KZW,FALSE,FALSE,FALSE,FALSE,FALSE,FALSE,FALSE
A1KIL2V6SMJBGX,FALSE,FALSE,FALSE,FALSE,FALSE,FALSE,FALSE
A1KUHOL3DB3ON,FALSE,TRUE,FALSE,FALSE,FALSE,FALSE,FALSE
A1LKKR0ZJ9L1IP,TRUE,FALSE,TRUE,FALSE,TRUE,FALSE,FALSE
A1RJWCLI2AY3EE,TRUE,FALSE,FALSE,FALSE,FALSE,FALSE,FALSE
A20VAAO3DYW5GL,FALSE,FALSE,FALSE,FALSE,FALSE,FALSE,FALSE
A27PP69MUCWV0J,TRUE,FALSE,FALSE,TRUE,FALSE,TRUE,FALSE
A28UKEK37QVJCG,FALSE,FALSE,FALSE,FALSE,FALSE,FALSE,FALSE
A2B24SZ84FDQRO,FALSE,FALSE,FALSE,FALSE,FALSE,FALSE,FALSE
A2LSOY313QEZC5,FALSE,FALSE,FALSE,FALSE,FALSE,FALSE,FALSE
A2LYNPSIOV2Y9I,FALSE,FALSE,FALSE,FALSE,FALSE,FALSE,FALSE
A2O4P5TOYUJUQP,FALSE,FALSE,FALSE,FALSE,FALSE,FALSE,FALSE
A2OLSZ6DD9I239,FALSE,FALSE,FALSE,FALSE,FALSE,FALSE,FALSE
A2P8V5SKYLL5I4,FALSE,FALSE,FALSE,FALSE,FALSE,FALSE,TRUE
A2REKFNIBY9O9K,TRUE,FALSE,FALSE,TRUE,FALSE,FALSE,FALSE
A2VO8C41JJIQY9,FALSE,FALSE,TRUE,FALSE,FALSE,FALSE,FALSE
A2YO1U4FV1N5MN,FALSE,FALSE,FALSE,FALSE,FALSE,FALSE,FALSE
A2Z0DI2L5GV87Y,FALSE,FALSE,FALSE,FALSE,FALSE,FALSE,FALSE
A30VLIFQPJZ17P,FALSE,FALSE,FALSE,FALSE,FALSE,FALSE,FALSE
A30Z3CWKO1B6R7,FALSE,FALSE,FALSE,FALSE,FALSE,FALSE,FALSE
A36ZKMRJCHF2HX,FALSE,FALSE,FALSE,FALSE,FALSE,FALSE,FALSE
A373LECBA7JXKD,TRUE,FALSE,FALSE,FALSE,FALSE,FALSE,FALSE
A39J8MSTUDVH0D,FALSE,FALSE,FALSE,FALSE,FALSE,FALSE,FALSE
A3ACSVUU6YI92U,FALSE,FALSE,FALSE,FALSE,FALSE,FALSE,FALSE
A3AWZ91R5O1U08,TRUE,FALSE,FALSE,TRUE,FALSE,FALSE,FALSE
A3H5L5LX61DGY2,FALSE,FALSE,FALSE,FALSE,FALSE,FALSE,FALSE
A3ON3DL1CKGN4E,FALSE,FALSE,FALSE,FALSE,FALSE,FALSE,FALSE
A3PRQ2GSU42718,FALSE,FALSE,FALSE,FALSE,FALSE,FALSE,FALSE
A3PW7MHOD2M6X9,FALSE,FALSE,FALSE,FALSE,FALSE,FALSE,FALSE
A3R4ZSD6YI7B7P,TRUE,FALSE,FALSE,TRUE,FALSE,FALSE,FALSE
A3VFQR2OR8L4CU,FALSE,FALSE,TRUE,FALSE,FALSE,FALSE,FALSE
A5L8F0YF1OVY8,TRUE,FALSE,FALSE,TRUE,FALSE,FALSE,FALSE
A7O6BHXX3BW97,TRUE,FALSE,TRUE,TRUE,TRUE,FALSE,TRUE
AB3L4DBGHX7PG,FALSE,FALSE,FALSE,FALSE,FALSE,FALSE,FALSE
AB9UVOKF0TQXB,TRUE,FALSE,FALSE,FALSE,FALSE,FALSE,FALSE
ACBZKZ1EUIO13,FALSE,FALSE,FALSE,FALSE,FALSE,FALSE,FALSE
AF2RVFRGP7GXX,FALSE,FALSE,FALSE,FALSE,FALSE,FALSE,FALSE
AFNP1C7IWHEPZ,FALSE,FALSE,FALSE,FALSE,FALSE,FALSE,FALSE
AGPTT5Z7VEBW0,FALSE,FALSE,FALSE,FALSE,FALSE,FALSE,FALSE
AHDWS7GSL9Q7C,FALSE,FALSE,FALSE,FALSE,FALSE,FALSE,FALSE
AIGUTKZMZ9LNR,FALSE,FALSE,FALSE,FALSE,FALSE,FALSE,FALSE
AIZUOHKQT14OM,FALSE,FALSE,FALSE,FALSE,FALSE,FALSE,FALSE
AWP6CD7XCNSSU,FALSE,FALSE,FALSE,FALSE,FALSE,FALSE,FALSE
A14S8YR2HRXVNX,TRUE,TRUE,FALSE,TRUE,FALSE,FALSE,FALSE
A17UGPL6SP30TI,TRUE,FALSE,FALSE,FALSE,FALSE,FALSE,TRUE
A19AVIOBMJJFR,FALSE,FALSE,FALSE,FALSE,FALSE,FALSE,FALSE
A1B4PKGXKL7UOH,FALSE,FALSE,FALSE,FALSE,FALSE,FALSE,FALSE
A1COS8FJCDM53I,FALSE,FALSE,FALSE,FALSE,FALSE,FALSE,FALSE
A1DJK7WHFXKH7X,TRUE,FALSE,FALSE,FALSE,FALSE,FALSE,TRUE
A1HYX9RFPAO63W,TRUE,FALSE,FALSE,TRUE,TRUE,TRUE,FALSE
A1KFV732TWXROL,FALSE,FALSE,FALSE,FALSE,FALSE,FALSE,FALSE
A1LCCAV2FSJTR0,FALSE,FALSE,FALSE,FALSE,FALSE,FALSE,FALSE
A1PDF57SAMGMF0,FALSE,FALSE,FALSE,FALSE,FALSE,FALSE,FALSE
A1PUIGT83JOHH6,FALSE,FALSE,FALSE,FALSE,FALSE,FALSE,FALSE
A1Q2Y5NFN4VVGT,FALSE,FALSE,FALSE,FALSE,FALSE,FALSE,FALSE
A1QA71PIMNZWYD,TRUE,TRUE,FALSE,FALSE,FALSE,FALSE,FALSE
A1QVRDWVOPLMTS,FALSE,FALSE,FALSE,FALSE,FALSE,FALSE,FALSE
A1T0S48O0CMXBC,FALSE,FALSE,FALSE,TRUE,FALSE,FALSE,FALSE
A1T429RLLFTG35,FALSE,FALSE,FALSE,FALSE,FALSE,FALSE,FALSE
A1UGB52LY7DEGO,TRUE,TRUE,FALSE,TRUE,FALSE,FALSE,FALSE
A1VRBTDT3VJSIA,FALSE,FALSE,FALSE,FALSE,FALSE,FALSE,FALSE
A1YXTSIV0YB8RW,FALSE,FALSE,FALSE,FALSE,FALSE,FALSE,FALSE
A20CEJD8OX82EO,FALSE,FALSE,TRUE,FALSE,TRUE,FALSE,TRUE
A21HUPW67XA7UJ,FALSE,FALSE,FALSE,FALSE,FALSE,FALSE,TRUE
A249LDVPG27XCE,FALSE,FALSE,FALSE,FALSE,FALSE,FALSE,FALSE
A2531UD0IGT731,FALSE,FALSE,FALSE,FALSE,FALSE,FALSE,FALSE
A27EAZSYEVYSLO,TRUE,FALSE,TRUE,TRUE,TRUE,FALSE,FALSE
A27VDYB5VONES2,FALSE,FALSE,FALSE,FALSE,FALSE,FALSE,FALSE
A2ATG240M7SGN7,FALSE,FALSE,TRUE,FALSE,TRUE,FALSE,FALSE
A2B3Z92VTSGCD4,FALSE,FALSE,FALSE,FALSE,FALSE,FALSE,FALSE
A2BXSQ5UU72FIM,FALSE,FALSE,FALSE,FALSE,FALSE,FALSE,FALSE
A2CJNNTLFULCTH,FALSE,FALSE,FALSE,FALSE,FALSE,FALSE,FALSE
A2CWA5VQZ6IWMQ,FALSE,FALSE,FALSE,FALSE,FALSE,FALSE,FALSE
A2D3UKFHTXOX68,FALSE,FALSE,FALSE,FALSE,FALSE,FALSE,FALSE
A2G7F8S617H0BB,FALSE,FALSE,FALSE,FALSE,FALSE,FALSE,FALSE
A2LOLCBOJZ80DD,TRUE,FALSE,FALSE,FALSE,FALSE,FALSE,TRUE
A2WNCSL3W1GK4M,TRUE,TRUE,FALSE,TRUE,FALSE,FALSE,FALSE
A2WZ71TT9AJPV,FALSE,FALSE,FALSE,FALSE,FALSE,FALSE,FALSE
A302KOFOYLD89A,FALSE,FALSE,FALSE,FALSE,FALSE,FALSE,FALSE
A313HIIUB9GB9T,FALSE,FALSE,FALSE,FALSE,FALSE,FALSE,FALSE
A32156CGIMNLBM,TRUE,FALSE,FALSE,FALSE,FALSE,FALSE,TRUE
A33D6XFZHIRXMM,FALSE,TRUE,FALSE,FALSE,FALSE,FALSE,FALSE
A35S4K6YMZB1FD,TRUE,FALSE,FALSE,FALSE,FALSE,FALSE,FALSE
A36EDYMS6VYHW1,FALSE,FALSE,FALSE,FALSE,FALSE,FALSE,FALSE
A377LTGWJKY2IW,FALSE,FALSE,FALSE,FALSE,FALSE,FALSE,FALSE
A3793XPPZARPS3,TRUE,TRUE,FALSE,TRUE,FALSE,FALSE,FALSE
A37DKV7XQI7N5J,FALSE,FALSE,FALSE,FALSE,FALSE,FALSE,FALSE
A3B4I7M5TPAMZO,TRUE,TRUE,FALSE,FALSE,FALSE,FALSE,FALSE
A3BJUCREI3NF2N,FALSE,FALSE,FALSE,FALSE,FALSE,FALSE,TRUE
A3CFF2BT7P8FL4,FALSE,FALSE,FALSE,FALSE,FALSE,FALSE,FALSE
A3E8KRW029428J,FALSE,FALSE,FALSE,FALSE,FALSE,FALSE,TRUE
A3FCZU2071L63S,TRUE,FALSE,FALSE,FALSE,FALSE,FALSE,FALSE
A3FOXS9UVYWKDP,FALSE,FALSE,FALSE,FALSE,FALSE,FALSE,FALSE
A3GP8FXH7J96UK,FALSE,FALSE,FALSE,FALSE,FALSE,FALSE,FALSE
A3HP7L563UF5DW,FALSE,FALSE,FALSE,FALSE,FALSE,FALSE,FALSE
A3KDVYO8E9ZI3O,TRUE,FALSE,FALSE,TRUE,TRUE,FALSE,FALSE
A3MF22SGH75VO3,FALSE,FALSE,FALSE,FALSE,FALSE,FALSE,FALSE
A3NQXTG2PLSHSV,TRUE,FALSE,FALSE,TRUE,FALSE,FALSE,FALSE
A3O9J3V0K06IP2,FALSE,FALSE,FALSE,FALSE,FALSE,FALSE,FALSE
A3OHYXTHW11HS7,FALSE,FALSE,FALSE,FALSE,FALSE,FALSE,FALSE
A3P1BYNYNVNMNA,FALSE,FALSE,TRUE,FALSE,TRUE,FALSE,FALSE
A3PJLANVHZPRVO,FALSE,FALSE,FALSE,FALSE,FALSE,FALSE,FALSE
A3PM587EFO3U7K,TRUE,FALSE,FALSE,TRUE,FALSE,FALSE,FALSE
A3R1X7QCXV61JJ,FALSE,FALSE,FALSE,FALSE,FALSE,FALSE,FALSE
A3R96PU1Q81J82,TRUE,FALSE,TRUE,TRUE,TRUE,FALSE,FALSE
A3REGSAW2MEXUE,FALSE,FALSE,FALSE,FALSE,FALSE,FALSE,FALSE
A3RK6823JUAI1C,TRUE,TRUE,FALSE,TRUE,FALSE,FALSE,FALSE
A3SITQVLF6JA08,FALSE,FALSE,FALSE,FALSE,FALSE,FALSE,FALSE
A3SRVRFTL8413I,FALSE,FALSE,FALSE,FALSE,FALSE,FALSE,FALSE
A3SSR32EZYJ8QD,FALSE,FALSE,FALSE,FALSE,FALSE,FALSE,FALSE
A3TRNNPY5KJEUR,FALSE,FALSE,FALSE,FALSE,FALSE,FALSE,TRUE
A3VUGE6RSDHBV0,FALSE,FALSE,FALSE,FALSE,FALSE,FALSE,TRUE
A5ZNFLOZ9UVUO,FALSE,FALSE,FALSE,FALSE,FALSE,FALSE,FALSE
A5ZZAWZSH0AMK,FALSE,FALSE,FALSE,FALSE,FALSE,FALSE,FALSE
A8JKAE3S49ZB,FALSE,FALSE,FALSE,FALSE,FALSE,FALSE,FALSE
A9EQ4FWCUQVBL,TRUE,FALSE,TRUE,TRUE,FALSE,TRUE,FALSE
AB9V7IERF6S1C,FALSE,FALSE,FALSE,FALSE,FALSE,FALSE,FALSE
AC4OHWAL2UI5E,FALSE,FALSE,FALSE,FALSE,FALSE,FALSE,FALSE
ACFWFOAQOBBQQ,TRUE,FALSE,TRUE,TRUE,TRUE,FALSE,TRUE
AEUTD1DUJTF2I,FALSE,FALSE,FALSE,FALSE,FALSE,FALSE,FALSE
AGAWW1UZMH5I4,TRUE,FALSE,FALSE,FALSE,TRUE,FALSE,FALSE
AL3YML0PNT4LY,TRUE,FALSE,FALSE,FALSE,FALSE,FALSE,FALSE
AL5MMWPTB0PFM,FALSE,FALSE,FALSE,FALSE,FALSE,FALSE,FALSE
AO70JEL57377O,TRUE,FALSE,FALSE,FALSE,FALSE,FALSE,FALSE
APNVMR8JR1HSV,FALSE,FALSE,FALSE,FALSE,FALSE,FALSE,FALSE
AQM8U9T3H4P68,TRUE,FALSE,FALSE,TRUE,FALSE,FALSE,FALSE
AR14VE5BQFLKT,FALSE,FALSE,FALSE,FALSE,FALSE,FALSE,FALSE
AR2PFPOD88K62,TRUE,TRUE,FALSE,TRUE,FALSE,FALSE,FALSE
ARJUW4XQOJNJR,FALSE,FALSE,FALSE,FALSE,FALSE,FALSE,FALSE
ATB61V8F7XVW4,TRUE,TRUE,FALSE,TRUE,FALSE,FALSE,FALSE
AVIPOL2XSM41P,FALSE,FALSE,FALSE,FALSE,FALSE,FALSE,FALSE
AVMRJOB0ZA7PB,FALSE,FALSE,FALSE,FALSE,FALSE,FALSE,FALSE
AWHHFZC0BCNVF,FALSE,FALSE,FALSE,FALSE,FALSE,FALSE,FALSE
AZBCMKSD8MJW5,FALSE,FALSE,FALSE,FALSE,FALSE,FALSE,FALSE
A10KUKZO8X00FX,TRUE,TRUE,FALSE,FALSE,FALSE,FALSE,FALSE
A10UUNGRUJH6GH,FALSE,FALSE,FALSE,FALSE,FALSE,FALSE,FALSE
A10ZJQC7W1QHIO,FALSE,FALSE,FALSE,FALSE,FALSE,FALSE,FALSE
A138V0KDC826EE,TRUE,FALSE,FALSE,FALSE,FALSE,FALSE,FALSE
A13RB1XEBC42IB,TRUE,TRUE,FALSE,TRUE,FALSE,FALSE,FALSE
A153HLAVH5FILS,FALSE,FALSE,FALSE,FALSE,FALSE,FALSE,FALSE
A15NB4T70DJF4A,FALSE,FALSE,FALSE,FALSE,FALSE,FALSE,FALSE
A1ATTMEYW02BV0,FALSE,FALSE,FALSE,FALSE,FALSE,FALSE,FALSE
A1AZLJ3R5FQ9B7,FALSE,FALSE,FALSE,FALSE,FALSE,FALSE,FALSE
A1CU00SW7F9TMB,TRUE,TRUE,FALSE,TRUE,FALSE,FALSE,FALSE
A1CWIZ7489ITS9,FALSE,FALSE,FALSE,FALSE,FALSE,FALSE,FALSE
A1G9571XKHWHG3,TRUE,FALSE,FALSE,FALSE,FALSE,FALSE,FALSE
A1HYU54H5V004N,FALSE,FALSE,FALSE,FALSE,FALSE,FALSE,FALSE
A1MT52IO9GBZ1M,FALSE,FALSE,FALSE,FALSE,FALSE,FALSE,FALSE
A1NT5BBN005ZNJ,FALSE,TRUE,FALSE,FALSE,FALSE,FALSE,FALSE
A1O57XVTTB1PNZ,FALSE,FALSE,FALSE,FALSE,FALSE,FALSE,FALSE
A1OZ1S22HC1MAC,FALSE,FALSE,FALSE,FALSE,FALSE,FALSE,FALSE
A1Q8LP6TE293F4,FALSE,FALSE,FALSE,FALSE,FALSE,FALSE,FALSE
A1QECZB49T1H3K,TRUE,FALSE,FALSE,FALSE,FALSE,FALSE,FALSE
A1QZKSYF6GG1LK,FALSE,FALSE,FALSE,FALSE,FALSE,FALSE,FALSE
A1R780RJYQ68GY,FALSE,FALSE,TRUE,FALSE,TRUE,FALSE,FALSE
A1UY31PXAQRQ5G,TRUE,FALSE,FALSE,FALSE,FALSE,FALSE,FALSE
A1VHYLBRF21ZFB,TRUE,FALSE,FALSE,TRUE,FALSE,FALSE,FALSE
A1XS15LSN54FGW,FALSE,FALSE,FALSE,FALSE,FALSE,TRUE,FALSE
A1Y9D4RKC3BZQ3,FALSE,FALSE,FALSE,FALSE,FALSE,FALSE,FALSE
A20VSS4MA17WZ6,FALSE,FALSE,FALSE,FALSE,FALSE,FALSE,FALSE
A2179410P3XBIQ,FALSE,FALSE,FALSE,FALSE,FALSE,FALSE,FALSE
A21WXJDPT7I70M,FALSE,FALSE,FALSE,FALSE,FALSE,FALSE,FALSE
A2545UHAWSKDVH,TRUE,TRUE,FALSE,FALSE,FALSE,FALSE,FALSE
A2DC6TG86OSCRK,FALSE,FALSE,FALSE,FALSE,FALSE,FALSE,FALSE
A2DOMBSKO75VV7,FALSE,FALSE,FALSE,FALSE,FALSE,FALSE,FALSE
A2E7S35ZI3WBET,FALSE,FALSE,FALSE,FALSE,FALSE,FALSE,FALSE
A2FS1WANWKDNDR,TRUE,TRUE,FALSE,FALSE,FALSE,FALSE,FALSE
A2FUQER3KRIXYJ,FALSE,FALSE,FALSE,FALSE,FALSE,FALSE,FALSE
A2GCBL4AZI88Y4,TRUE,FALSE,FALSE,TRUE,FALSE,FALSE,FALSE
A2GL2Y13IGLHLK,FALSE,FALSE,FALSE,FALSE,FALSE,FALSE,TRUE
A2HRAAY4QRTM7S,TRUE,FALSE,TRUE,FALSE,FALSE,FALSE,FALSE
A2JJAEQ8LHRWNV,FALSE,FALSE,FALSE,FALSE,FALSE,FALSE,FALSE
A2JZ7JQ4JN1YMJ,FALSE,FALSE,FALSE,FALSE,FALSE,FALSE,TRUE
A2MYP4G1RB2X2P,TRUE,FALSE,FALSE,TRUE,FALSE,FALSE,TRUE
A2P7KN8RWT4MHY,FALSE,FALSE,FALSE,FALSE,FALSE,FALSE,FALSE
A2S6QOCFC3EAYH,FALSE,FALSE,FALSE,FALSE,FALSE,FALSE,FALSE
A2SIHWBR1S6TGF,TRUE,FALSE,FALSE,FALSE,FALSE,FALSE,TRUE
A2T2RKM6XUTWK5,FALSE,FALSE,FALSE,FALSE,FALSE,FALSE,FALSE
A2VD7F5T1CDI6,FALSE,FALSE,FALSE,FALSE,FALSE,FALSE,FALSE
A2W02ACKYETLOA,TRUE,FALSE,FALSE,FALSE,FALSE,FALSE,FALSE
A2Z75NJBZ46RE9,FALSE,FALSE,FALSE,FALSE,FALSE,FALSE,FALSE
A2ZOHYAWFY5TQI,TRUE,FALSE,FALSE,TRUE,TRUE,FALSE,FALSE
A30GMGC1ADGYWB,FALSE,FALSE,FALSE,FALSE,FALSE,FALSE,FALSE
A31PXEBRLT9LW,FALSE,FALSE,FALSE,FALSE,FALSE,FALSE,FALSE
A322SGIJC9EPN9,FALSE,FALSE,FALSE,FALSE,FALSE,TRUE,FALSE
A36MQHIULG0E6C,TRUE,FALSE,FALSE,FALSE,FALSE,FALSE,FALSE
A376IFMV0UCZP2,FALSE,FALSE,FALSE,FALSE,FALSE,FALSE,FALSE
A3ALKJPJTA2WS7,FALSE,FALSE,FALSE,FALSE,FALSE,FALSE,FALSE
A3BZG57OMOXD4E,TRUE,FALSE,FALSE,FALSE,FALSE,FALSE,TRUE
A3CMN3K5YO642M,FALSE,FALSE,FALSE,FALSE,FALSE,TRUE,FALSE
A3E65HYKUDT1D5,FALSE,TRUE,FALSE,FALSE,FALSE,FALSE,FALSE
A3FH7YRKBEQ2LU,FALSE,FALSE,FALSE,FALSE,FALSE,FALSE,FALSE
A3FJEDG1UGCCJ8,TRUE,FALSE,FALSE,FALSE,FALSE,FALSE,TRUE
A3FKSRHOODGM7I,FALSE,FALSE,FALSE,FALSE,FALSE,FALSE,FALSE
A3LCO8WBGHAI4K,FALSE,FALSE,FALSE,FALSE,FALSE,FALSE,FALSE
A3LMVIJG7ND5UN,FALSE,FALSE,FALSE,FALSE,FALSE,FALSE,FALSE
A3UG24UP4WQP39,FALSE,FALSE,FALSE,FALSE,FALSE,FALSE,FALSE
A5GMIA9XD9KKZ,FALSE,FALSE,FALSE,FALSE,FALSE,FALSE,FALSE
A5VBXI0L63405,FALSE,FALSE,FALSE,FALSE,FALSE,FALSE,FALSE
A8E99XNOTT390,FALSE,FALSE,FALSE,FALSE,FALSE,FALSE,FALSE
A8X1YI90JPSGP,FALSE,FALSE,FALSE,FALSE,FALSE,FALSE,FALSE
AA1Y56MOQY6X3,TRUE,FALSE,FALSE,FALSE,TRUE,FALSE,TRUE
AA3ARQT2KLA04,FALSE,FALSE,FALSE,FALSE,FALSE,FALSE,FALSE
AEE6B6DGU8VBV,TRUE,TRUE,FALSE,TRUE,FALSE,FALSE,FALSE
AFERIASET17LW,FALSE,FALSE,FALSE,FALSE,FALSE,FALSE,FALSE
AKLP966YN2LVC,TRUE,FALSE,FALSE,FALSE,FALSE,FALSE,FALSE
ANO8YBLKJIO1E,TRUE,FALSE,FALSE,TRUE,FALSE,FALSE,FALSE
AU3AMYVBJ9DQ2,FALSE,TRUE,FALSE,FALSE,FALSE,FALSE,FALSE
AV7OKGJ2PJO30,FALSE,FALSE,FALSE,FALSE,FALSE,FALSE,FALSE
AVUU1N5A6CH3K,FALSE,FALSE,FALSE,FALSE,FALSE,FALSE,FALSE
A1171IQSWQS0K8,FALSE,FALSE,FALSE,FALSE,FALSE,FALSE,FALSE
A13I77DAQDOP0O,FALSE,FALSE,FALSE,FALSE,FALSE,FALSE,FALSE
A14Y8ML89H3XFL,TRUE,FALSE,FALSE,FALSE,FALSE,TRUE,FALSE
A16644NV37L66P,FALSE,FALSE,FALSE,FALSE,FALSE,FALSE,FALSE
A185UIGZSN2Z0K,FALSE,FALSE,FALSE,FALSE,FALSE,FALSE,FALSE
A1CIEZNXXDSO6V,FALSE,FALSE,FALSE,FALSE,FALSE,FALSE,FALSE
A1IN6VRNJ1GRRB,FALSE,FALSE,FALSE,FALSE,FALSE,FALSE,FALSE
A1VFRCYMWGWWCZ,FALSE,FALSE,FALSE,FALSE,FALSE,FALSE,FALSE
A208A2GT4OHJOG,FALSE,FALSE,FALSE,FALSE,FALSE,FALSE,FALSE
A20KWU6IJJX5AT,FALSE,FALSE,FALSE,FALSE,FALSE,FALSE,FALSE
A29UAE19L171DV,FALSE,FALSE,FALSE,FALSE,FALSE,FALSE,FALSE
A2BWFW7YIT6SXA,FALSE,FALSE,FALSE,FALSE,FALSE,FALSE,FALSE
A2DZV5E6PH5NC4,FALSE,FALSE,FALSE,FALSE,FALSE,FALSE,FALSE
A2EOMP0EJUE36Q,TRUE,FALSE,FALSE,FALSE,FALSE,FALSE,FALSE
A2NMLTECRDWFN2,FALSE,FALSE,FALSE,FALSE,FALSE,FALSE,FALSE
A2NRMXYMP9FPKK,FALSE,FALSE,FALSE,FALSE,FALSE,FALSE,FALSE
A34051YREUMGHU,FALSE,FALSE,FALSE,FALSE,FALSE,FALSE,FALSE
A3B6CJ8OHWI4AU,FALSE,FALSE,FALSE,FALSE,FALSE,FALSE,FALSE
A3C5UET4UYDQEW,TRUE,FALSE,FALSE,FALSE,FALSE,FALSE,FALSE
A3GRGGYSMH5PNI,TRUE,FALSE,FALSE,TRUE,FALSE,FALSE,FALSE
A3GWRDHAURRNK6,FALSE,FALSE,FALSE,FALSE,FALSE,FALSE,FALSE
A3JAU7FJ0JJ1IU,TRUE,FALSE,FALSE,FALSE,FALSE,FALSE,FALSE
A3JG44GC9BIM58,FALSE,FALSE,FALSE,FALSE,FALSE,FALSE,FALSE
A3KTXAY9ZXOGWH,FALSE,FALSE,FALSE,FALSE,FALSE,FALSE,FALSE
A3KXJUD3WDRMFJ,FALSE,FALSE,FALSE,FALSE,FALSE,FALSE,FALSE
A3L2VS3998R77L,FALSE,FALSE,FALSE,FALSE,FALSE,FALSE,FALSE
A3LT1TCMEGY73D,FALSE,FALSE,FALSE,FALSE,FALSE,FALSE,FALSE
A3QQ2JW1N0Z49X,FALSE,FALSE,FALSE,FALSE,FALSE,FALSE,FALSE
A3T8THFPERMABH,FALSE,FALSE,FALSE,FALSE,FALSE,FALSE,FALSE
A6ZWMPYCMBT0Y,FALSE,FALSE,FALSE,FALSE,FALSE,FALSE,FALSE
A8CFS7FAITHXX,FALSE,FALSE,FALSE,FALSE,FALSE,FALSE,FALSE
ADU7XJYUJLGNA,FALSE,FALSE,FALSE,FALSE,FALSE,FALSE,FALSE
AH4KZU52G2WCN,FALSE,FALSE,FALSE,FALSE,FALSE,FALSE,FALSE
AHEV3HZNQPO5S,FALSE,FALSE,FALSE,FALSE,FALSE,FALSE,FALSE
AOEO9ZV81R0I4,FALSE,FALSE,FALSE,FALSE,FALSE,FALSE,FALSE
AR117V5SHH230,TRUE,FALSE,FALSE,FALSE,FALSE,FALSE,FALSE
AU9LQW279ZBNK,FALSE,FALSE,FALSE,FALSE,FALSE,FALSE,FALSE
AVJ7MQZ6AQF5M,FALSE,FALSE,FALSE,FALSE,FALSE,FALSE,FALSE
AWVLT2L5AP873,FALSE,FALSE,FALSE,FALSE,FALSE,FALSE,FALSE
AZ330Q7B1O9R6,FALSE,FALSE,FALSE,FALSE,FALSE,FALSE,FALSE
A1V0HSH4Q63V5W,FALSE,FALSE,FALSE,FALSE,FALSE,FALSE,FALSE
A38038BF5S70T7,FALSE,FALSE,FALSE,FALSE,FALSE,NA,FALSE
AUYGA5NAC1IO6,FALSE,FALSE,FALSE,FALSE,FALSE,FALSE,FALSE
AYTH0E5PUXWX8,FALSE,FALSE,FALSE,FALSE,FALSE,FALSE,FALSE
A11LSO6D7BMY99,FALSE,FALSE,FALSE,FALSE,FALSE,FALSE,FALSE
A15J42M6EC7Y1K,FALSE,FALSE,FALSE,FALSE,FALSE,FALSE,FALSE
A1AINTCOQ7NXLX,FALSE,FALSE,FALSE,FALSE,FALSE,FALSE,FALSE
A1C5F4UVUBL1E6,FALSE,FALSE,FALSE,FALSE,FALSE,FALSE,FALSE
A1CDDS7NQPDMTO,FALSE,FALSE,FALSE,FALSE,FALSE,FALSE,FALSE
A1CR7O77ZW0QQU,FALSE,FALSE,FALSE,FALSE,FALSE,FALSE,FALSE
A1E5WBC81VJV7D,FALSE,FALSE,FALSE,FALSE,FALSE,FALSE,FALSE
A1E7IRBPHID9JC,FALSE,FALSE,FALSE,FALSE,FALSE,FALSE,FALSE
A1EVH06U8IJ6PW,FALSE,FALSE,FALSE,FALSE,FALSE,TRUE,FALSE
A1FXGW5C0H4L3T,TRUE,FALSE,FALSE,FALSE,TRUE,FALSE,FALSE
A1G331HUXOSJAM,FALSE,FALSE,FALSE,FALSE,FALSE,FALSE,FALSE
A1J1PWS99LFVPL,TRUE,FALSE,FALSE,FALSE,FALSE,FALSE,FALSE
A1K93WBH35CIAZ,TRUE,FALSE,FALSE,FALSE,TRUE,FALSE,FALSE
A1LQQ7UQKJYITI,FALSE,TRUE,FALSE,FALSE,FALSE,FALSE,FALSE
A1QX1RYLCFXZJ9,FALSE,FALSE,FALSE,FALSE,FALSE,FALSE,FALSE
A1S1K7134S2VUC,FALSE,FALSE,FALSE,FALSE,FALSE,TRUE,FALSE
A1TSJY4RCQHI4O,FALSE,FALSE,FALSE,FALSE,FALSE,FALSE,FALSE
A1U3OIZTWRI8JD,FALSE,FALSE,FALSE,FALSE,FALSE,FALSE,FALSE
A1V339VY5CNWLS,FALSE,FALSE,FALSE,FALSE,FALSE,FALSE,FALSE
A1W70CZDI8R80M,FALSE,FALSE,FALSE,FALSE,FALSE,FALSE,FALSE
A1XUZFDVKP95VC,FALSE,FALSE,FALSE,FALSE,FALSE,FALSE,FALSE
A1ZNMX8WJCDKQQ,FALSE,FALSE,FALSE,FALSE,FALSE,FALSE,FALSE
A21OI3HYUF3J07,FALSE,FALSE,FALSE,FALSE,FALSE,FALSE,FALSE
A220CQRMPT29DB,FALSE,FALSE,FALSE,FALSE,FALSE,FALSE,FALSE
A26U302WESU9UH,FALSE,FALSE,FALSE,FALSE,FALSE,FALSE,FALSE
A2AG8QSD4IWEC9,FALSE,FALSE,FALSE,FALSE,FALSE,FALSE,FALSE
A2AJA3UXBCKD9X,FALSE,FALSE,FALSE,FALSE,FALSE,FALSE,FALSE
A2APR9RN3LEJE8,FALSE,FALSE,FALSE,FALSE,FALSE,FALSE,FALSE
A2BLQ1GVEHJR8T,FALSE,FALSE,FALSE,FALSE,FALSE,FALSE,FALSE
A2CAMPAA7650H2,FALSE,FALSE,FALSE,FALSE,FALSE,FALSE,FALSE
A2FOZBO97WR4RY,FALSE,FALSE,FALSE,FALSE,FALSE,FALSE,FALSE
A2HJDLSU95MH8Q,FALSE,FALSE,FALSE,FALSE,FALSE,FALSE,FALSE
A2K6QV9HRJ4V7B,FALSE,FALSE,FALSE,FALSE,FALSE,FALSE,FALSE
A2MF0OZ7Q0J4UP,FALSE,FALSE,TRUE,FALSE,TRUE,FALSE,FALSE
A2RLY2I4U06ETD,FALSE,FALSE,FALSE,FALSE,FALSE,FALSE,FALSE
A2SLEMDA17XTZ1,FALSE,FALSE,FALSE,FALSE,FALSE,FALSE,FALSE
A2UGIX703MMNQ6,FALSE,FALSE,FALSE,FALSE,FALSE,FALSE,FALSE
A2VF6506WDNXKS,FALSE,FALSE,FALSE,FALSE,FALSE,FALSE,FALSE
A2VNE375MVLU8J,FALSE,FALSE,FALSE,FALSE,FALSE,FALSE,FALSE
A2WTNZHRALOHX8,FALSE,FALSE,FALSE,FALSE,FALSE,FALSE,FALSE
A2ZGAH6NOSU2PO,FALSE,FALSE,FALSE,FALSE,FALSE,FALSE,FALSE
A31IIDT1S31E25,TRUE,FALSE,FALSE,FALSE,FALSE,FALSE,FALSE
A34XR21XZ4ZPMB,FALSE,FALSE,FALSE,FALSE,FALSE,FALSE,FALSE
A36UNYMDBED99W,FALSE,FALSE,FALSE,FALSE,FALSE,FALSE,FALSE
A3FY6THWKRYN9M,FALSE,FALSE,FALSE,FALSE,FALSE,FALSE,FALSE
A3M8A5YRDBHV8B,FALSE,FALSE,FALSE,FALSE,FALSE,FALSE,FALSE
A3QII655RKPN8L,FALSE,FALSE,FALSE,FALSE,FALSE,FALSE,FALSE
A3UC8KZ5O8FVX9,FALSE,FALSE,FALSE,FALSE,FALSE,FALSE,FALSE
A3VK7AHISCDGAM,TRUE,FALSE,FALSE,FALSE,FALSE,FALSE,FALSE
A3VYUJ2USDULKC,FALSE,FALSE,FALSE,FALSE,FALSE,FALSE,FALSE
A3W4MAKNDI1SXM,FALSE,FALSE,FALSE,FALSE,FALSE,FALSE,FALSE
A5FUU339LEP25,FALSE,FALSE,FALSE,FALSE,FALSE,FALSE,FALSE
A6I2XH9A2DC80,FALSE,FALSE,FALSE,FALSE,FALSE,FALSE,FALSE
A98E8M4QLI9RS,FALSE,FALSE,FALSE,FALSE,FALSE,FALSE,FALSE
AALXX2P1V0A41,FALSE,FALSE,FALSE,FALSE,FALSE,FALSE,FALSE
AAR7SYLZ3MDZQ,FALSE,FALSE,FALSE,FALSE,FALSE,FALSE,FALSE
ACSS93E03ZUGX,FALSE,FALSE,FALSE,FALSE,FALSE,FALSE,FALSE
AEXA1CPBHT85H,FALSE,FALSE,FALSE,FALSE,FALSE,FALSE,FALSE
AHMCPHRT7FD1D,FALSE,FALSE,FALSE,FALSE,FALSE,FALSE,FALSE
AIS4X2NYY3V1T,FALSE,FALSE,FALSE,FALSE,FALSE,FALSE,FALSE
AJNQ2PBD07FKE,FALSE,FALSE,FALSE,FALSE,FALSE,FALSE,FALSE
AMA18W8F60Y2J,FALSE,FALSE,FALSE,FALSE,FALSE,FALSE,FALSE
AMA4SXSYNC35I,FALSE,FALSE,FALSE,FALSE,FALSE,FALSE,FALSE
AP4FDDWBJW47O,FALSE,FALSE,FALSE,FALSE,FALSE,FALSE,FALSE
AQ9CUPOYWCR7F,FALSE,FALSE,FALSE,FALSE,FALSE,FALSE,FALSE
AQXRHIMQ7UK7O,FALSE,FALSE,FALSE,FALSE,FALSE,FALSE,FALSE
AT8DDSZUBOC80,FALSE,FALSE,FALSE,FALSE,FALSE,FALSE,FALSE
AUS42DYFLEAXL,FALSE,FALSE,FALSE,FALSE,FALSE,FALSE,FALSE
AZHXFE6BIUJNV,FALSE,FALSE,FALSE,FALSE,FALSE,FALSE,FALSE
A142WDKXKIGZ2J,FALSE,FALSE,FALSE,FALSE,FALSE,FALSE,FALSE
A182IHVF66SX19,FALSE,FALSE,FALSE,FALSE,FALSE,FALSE,FALSE
A19PHCM3FHZMC1,FALSE,FALSE,FALSE,FALSE,FALSE,FALSE,FALSE
A1BZ1VD8V8VJML,FALSE,FALSE,FALSE,FALSE,FALSE,FALSE,FALSE
A1DP4BJKMEF6LS,FALSE,FALSE,FALSE,FALSE,FALSE,FALSE,FALSE
A1F8TOJICOEVLL,FALSE,FALSE,FALSE,FALSE,FALSE,TRUE,FALSE
A1GSEK9J872N9R,FALSE,FALSE,FALSE,FALSE,FALSE,FALSE,FALSE
A1HA5WALONI2FD,FALSE,FALSE,FALSE,FALSE,FALSE,FALSE,FALSE
A1HP506HGINWSV,FALSE,FALSE,FALSE,FALSE,FALSE,FALSE,FALSE
A1HPHTOU79BT9H,FALSE,FALSE,TRUE,FALSE,FALSE,TRUE,FALSE
A1JVA6HGVN1D5N,FALSE,FALSE,FALSE,FALSE,FALSE,FALSE,FALSE
A1L69N4ECWU93U,FALSE,FALSE,FALSE,FALSE,FALSE,FALSE,FALSE
A1MOK8UVLG7FJK,FALSE,FALSE,FALSE,FALSE,FALSE,FALSE,FALSE
A1MYJP0JHMTTHV,FALSE,FALSE,FALSE,FALSE,FALSE,FALSE,FALSE
A1PMK4HE9UYJ1J,FALSE,FALSE,FALSE,FALSE,TRUE,FALSE,FALSE
A1QCXSZJ3ZLCNY,FALSE,FALSE,FALSE,FALSE,FALSE,FALSE,FALSE
A1RMC2LZQUM9L6,FALSE,FALSE,FALSE,FALSE,FALSE,FALSE,FALSE
A1SLNK93AC4ILL,FALSE,FALSE,FALSE,FALSE,FALSE,FALSE,FALSE
A1V9PJWP5TZ7BB,FALSE,FALSE,FALSE,FALSE,FALSE,FALSE,FALSE
A1WBUS5PV9PAGR,TRUE,FALSE,FALSE,FALSE,FALSE,FALSE,FALSE
A1XBXUIT5932A1,FALSE,FALSE,FALSE,FALSE,FALSE,FALSE,FALSE
A1XH5P1RMV9GPQ,FALSE,FALSE,FALSE,FALSE,FALSE,FALSE,FALSE
A1YE8ETB066AD0,FALSE,FALSE,FALSE,FALSE,FALSE,FALSE,FALSE
A1Z2QEEPKEK1X1,FALSE,FALSE,FALSE,FALSE,FALSE,FALSE,FALSE
A21ZNPDJNBKCWG,FALSE,FALSE,FALSE,FALSE,FALSE,FALSE,FALSE
A2509PSPWX47EP,FALSE,FALSE,FALSE,FALSE,FALSE,FALSE,FALSE
A26Z8M2VSEWUU4,FALSE,FALSE,FALSE,FALSE,FALSE,FALSE,FALSE
A29PKMLH38N148,FALSE,FALSE,FALSE,FALSE,FALSE,FALSE,FALSE
A2BIYAB893B8LQ,FALSE,FALSE,FALSE,FALSE,FALSE,FALSE,FALSE
A2C2OADPDWVCSK,FALSE,FALSE,FALSE,FALSE,FALSE,FALSE,FALSE
A2E72ZI1VESTMR,FALSE,FALSE,FALSE,FALSE,FALSE,FALSE,FALSE
A2EGX50U9PI5JM,FALSE,FALSE,FALSE,FALSE,FALSE,FALSE,FALSE
A2GALIYUWAIPNV,TRUE,FALSE,TRUE,FALSE,TRUE,FALSE,FALSE
A2GU5RTKQWJXNA,FALSE,FALSE,FALSE,FALSE,FALSE,FALSE,FALSE
A2P5UFOTXOR08T,FALSE,FALSE,FALSE,FALSE,FALSE,FALSE,FALSE
A2RYEP12UU4SL5,FALSE,FALSE,FALSE,FALSE,FALSE,FALSE,FALSE
A2TZAKMALWU021,FALSE,FALSE,FALSE,FALSE,FALSE,FALSE,FALSE
A2TZT2OMDQFLAE,FALSE,FALSE,FALSE,FALSE,FALSE,FALSE,FALSE
A2U5E76S0CBA69,FALSE,FALSE,FALSE,FALSE,FALSE,FALSE,FALSE
A30GCTXJ17JC3I,FALSE,FALSE,FALSE,FALSE,FALSE,FALSE,FALSE
A30H28F41UBJGK,FALSE,FALSE,FALSE,FALSE,FALSE,FALSE,FALSE
A31U7VGTEOY2RG,FALSE,FALSE,FALSE,FALSE,FALSE,FALSE,FALSE
A363NKR14886XG,FALSE,FALSE,FALSE,FALSE,FALSE,FALSE,FALSE
A376DD71XY793G,FALSE,FALSE,FALSE,FALSE,FALSE,FALSE,FALSE
A37Y7BFBED60P0,FALSE,FALSE,FALSE,FALSE,FALSE,FALSE,FALSE
A399A8PB6ITVAG,TRUE,FALSE,TRUE,FALSE,TRUE,FALSE,FALSE
A39Y2UOHEAD0DT,FALSE,FALSE,FALSE,FALSE,FALSE,FALSE,FALSE
A3BK3FRTQDW1S,FALSE,FALSE,FALSE,FALSE,FALSE,FALSE,FALSE
A3CDWPBKYDDASL,FALSE,FALSE,FALSE,FALSE,FALSE,FALSE,FALSE
A3G73IWKEPXRUW,FALSE,FALSE,FALSE,FALSE,FALSE,FALSE,FALSE
A3HGCI4HL815H,FALSE,FALSE,FALSE,FALSE,FALSE,FALSE,FALSE
A3JDCVM1OXXOFG,FALSE,FALSE,FALSE,FALSE,FALSE,FALSE,FALSE
A3NQK6VK36A4GA,FALSE,FALSE,FALSE,FALSE,FALSE,FALSE,FALSE
A3OWF5KP7KMUNX,FALSE,FALSE,FALSE,FALSE,FALSE,FALSE,FALSE
A3PFU4042GIQLE,FALSE,FALSE,FALSE,FALSE,FALSE,FALSE,FALSE
A3QIG18VHBXBSZ,FALSE,FALSE,FALSE,FALSE,FALSE,FALSE,FALSE
A3RQYEUBI0TVBL,FALSE,FALSE,FALSE,FALSE,FALSE,FALSE,FALSE
A3V5O8N34LPUSG,FALSE,FALSE,FALSE,FALSE,FALSE,FALSE,FALSE
A59L67EZKMC3V,FALSE,FALSE,FALSE,FALSE,FALSE,FALSE,FALSE
A5TI9UQEPLNWI,FALSE,FALSE,FALSE,FALSE,FALSE,FALSE,FALSE
A6AU0NC2XUGW,FALSE,FALSE,FALSE,FALSE,TRUE,FALSE,FALSE
ABOM3BXRPQT02,FALSE,FALSE,FALSE,FALSE,FALSE,FALSE,FALSE
AET7NEH3VZ0V9,FALSE,FALSE,FALSE,FALSE,FALSE,FALSE,FALSE
AFSI4GMXWKC2U,FALSE,FALSE,FALSE,FALSE,FALSE,FALSE,FALSE
AKIBWXIRFTSVV,FALSE,FALSE,FALSE,FALSE,FALSE,FALSE,FALSE
AM0R6CV53UZ2C,FALSE,FALSE,FALSE,FALSE,FALSE,FALSE,FALSE
ANINMMEAWLK7B,FALSE,FALSE,FALSE,FALSE,FALSE,FALSE,FALSE
AODANWH0HK3JK,FALSE,FALSE,FALSE,FALSE,FALSE,FALSE,FALSE
AP6WTJVPDJQPK,FALSE,FALSE,FALSE,FALSE,FALSE,FALSE,FALSE
AR5QVMHIITZSZ,FALSE,FALSE,FALSE,FALSE,FALSE,FALSE,FALSE
ASU17F5IEHDQ0,FALSE,FALSE,FALSE,FALSE,FALSE,TRUE,FALSE
AUS6Y1VBX9YLO,FALSE,FALSE,FALSE,FALSE,FALSE,FALSE,FALSE
AVEUV5HGMBAQA,FALSE,FALSE,FALSE,FALSE,FALSE,FALSE,FALSE
AWKUOA7M4P8YI,FALSE,FALSE,FALSE,FALSE,FALSE,FALSE,FALSE
AWYJAKECMVVUX,FALSE,FALSE,FALSE,FALSE,FALSE,FALSE,FALSE
AZU9K0FD5U826,FALSE,FALSE,FALSE,FALSE,FALSE,FALSE,FALSE
A12MZ6U9W9REX8,FALSE,FALSE,FALSE,FALSE,FALSE,FALSE,FALSE
A132MSWBBVTOES,FALSE,FALSE,FALSE,FALSE,FALSE,FALSE,FALSE
A19WXHQSBB6P6O,FALSE,FALSE,FALSE,FALSE,FALSE,FALSE,FALSE
A1B3GZ82DXB3FC,FALSE,FALSE,FALSE,FALSE,FALSE,FALSE,FALSE
A1BS578UP5XCAR,FALSE,FALSE,FALSE,FALSE,FALSE,FALSE,FALSE
A1GCLJLWQMWL0G,FALSE,FALSE,FALSE,FALSE,FALSE,FALSE,FALSE
A1HKYY6XI2OHO1,FALSE,FALSE,FALSE,FALSE,FALSE,FALSE,FALSE
A1J7N95EW8EGCX,FALSE,FALSE,FALSE,FALSE,FALSE,FALSE,FALSE
A1JM5XNB4NCZR6,FALSE,FALSE,FALSE,FALSE,FALSE,FALSE,FALSE
A1LQOCAT553X7G,FALSE,FALSE,FALSE,FALSE,FALSE,FALSE,FALSE
A1MH9ISP7UBIUO,FALSE,FALSE,FALSE,FALSE,FALSE,FALSE,FALSE
A1MK9E61C7IV5Q,FALSE,TRUE,FALSE,FALSE,FALSE,TRUE,FALSE
A1RS4KNXAF23WF,FALSE,FALSE,FALSE,FALSE,FALSE,FALSE,FALSE
A1RZQMVQ8FSNOS,TRUE,TRUE,FALSE,FALSE,FALSE,FALSE,FALSE
A1U69QDM8UIXZ5,FALSE,FALSE,FALSE,FALSE,FALSE,FALSE,FALSE
A1UKZRDH1T231M,FALSE,FALSE,FALSE,FALSE,FALSE,FALSE,FALSE
A1XU9GFZAGFJ5B,FALSE,FALSE,FALSE,FALSE,FALSE,FALSE,FALSE
A2259HGMTESQVX,FALSE,FALSE,FALSE,FALSE,FALSE,FALSE,FALSE
A22CPS48MSR1OQ,FALSE,FALSE,FALSE,FALSE,FALSE,FALSE,FALSE
A22WWSTT8TU7G1,FALSE,FALSE,FALSE,FALSE,FALSE,FALSE,FALSE
A2CVQU44JRXCKU,FALSE,FALSE,FALSE,FALSE,FALSE,FALSE,FALSE
A2FAJQUVSEXZRN,FALSE,FALSE,FALSE,FALSE,FALSE,FALSE,FALSE
A2I3X8R5TE3REY,FALSE,FALSE,FALSE,FALSE,FALSE,FALSE,FALSE
A2J51BI7XS5ZYU,TRUE,FALSE,FALSE,FALSE,FALSE,FALSE,FALSE
A2JD1QZEPKPD6L,FALSE,FALSE,FALSE,FALSE,FALSE,FALSE,FALSE
A2JJ46H36C4R9,FALSE,FALSE,FALSE,FALSE,FALSE,FALSE,FALSE
A2LDVDDTFY3LQ9,TRUE,FALSE,FALSE,FALSE,FALSE,FALSE,FALSE
A2R1YTFK72WMET,TRUE,FALSE,FALSE,FALSE,FALSE,FALSE,FALSE
A2TZAXWOB3JMNV,FALSE,FALSE,FALSE,FALSE,FALSE,FALSE,FALSE
A2VEI3RK4JX0DJ,FALSE,FALSE,FALSE,FALSE,FALSE,FALSE,FALSE
A2WJGI7XNUBRND,FALSE,FALSE,FALSE,FALSE,FALSE,FALSE,FALSE
A2WPHVMLLEV5ZB,FALSE,FALSE,FALSE,FALSE,FALSE,FALSE,FALSE
A2WQPFE3ZGE5N8,FALSE,FALSE,FALSE,FALSE,FALSE,FALSE,FALSE
A2WSSRWT4ZBHK3,FALSE,FALSE,FALSE,FALSE,FALSE,FALSE,FALSE
A2Y9O62M75TPM6,FALSE,FALSE,FALSE,FALSE,FALSE,FALSE,FALSE
A2ZL0F4X30YNMV,FALSE,FALSE,FALSE,FALSE,FALSE,FALSE,FALSE
A318574M8Q965P,FALSE,FALSE,FALSE,FALSE,FALSE,FALSE,FALSE
A32LHQYJY0ELFS,FALSE,FALSE,FALSE,FALSE,FALSE,FALSE,FALSE
A3C2DKCZLI304P,FALSE,FALSE,FALSE,FALSE,FALSE,FALSE,FALSE
A3CGQOJC28OVGN,FALSE,FALSE,FALSE,FALSE,FALSE,FALSE,FALSE
A3I4Q8EW2ZLXSU,TRUE,FALSE,FALSE,TRUE,TRUE,FALSE,FALSE
A3J2JEHSHC6T5R,FALSE,FALSE,FALSE,FALSE,FALSE,FALSE,FALSE
A3K5YBCBVBM3RY,FALSE,FALSE,FALSE,FALSE,FALSE,FALSE,FALSE
A3L2CJTA12YOHG,FALSE,FALSE,FALSE,FALSE,FALSE,FALSE,FALSE
A3N8N9OZZ3JNW1,TRUE,FALSE,FALSE,FALSE,FALSE,FALSE,FALSE
A3R5P4URN7QKU8,TRUE,FALSE,FALSE,FALSE,FALSE,FALSE,FALSE
A3UJAEUA1BAK8O,FALSE,FALSE,FALSE,FALSE,FALSE,FALSE,FALSE
A40AORVZ0PLJH,FALSE,FALSE,FALSE,FALSE,FALSE,FALSE,FALSE
A8UNVAKQHADKT,FALSE,FALSE,FALSE,FALSE,FALSE,FALSE,FALSE
AGHI2V890A0OH,FALSE,FALSE,FALSE,FALSE,FALSE,FALSE,FALSE
AGHKGWDYPVDFE,FALSE,FALSE,FALSE,FALSE,FALSE,FALSE,FALSE
AGNJKSH5LFKXZ,FALSE,FALSE,FALSE,FALSE,FALSE,FALSE,FALSE
AMC79JNNDINXM,FALSE,FALSE,FALSE,FALSE,FALSE,FALSE,FALSE
APHLO6ZGGX63T,TRUE,FALSE,TRUE,FALSE,TRUE,FALSE,FALSE
APMSH8PF908NC,TRUE,FALSE,FALSE,FALSE,FALSE,FALSE,FALSE
AQGAWYR5DBRCP,FALSE,FALSE,FALSE,FALSE,FALSE,FALSE,FALSE
AS1KP4SMNONQC,FALSE,FALSE,FALSE,FALSE,FALSE,FALSE,FALSE
A131ASOEYX40WQ,TRUE,FALSE,FALSE,TRUE,FALSE,FALSE,FALSE
A13324WUZPFTSU,FALSE,FALSE,FALSE,FALSE,FALSE,FALSE,FALSE
A1801RSQIIDWHW,FALSE,FALSE,FALSE,FALSE,FALSE,TRUE,FALSE
A19IQ1X74EMI8R,FALSE,FALSE,FALSE,FALSE,FALSE,FALSE,FALSE
A1B14CS9DW7008,FALSE,FALSE,FALSE,FALSE,FALSE,FALSE,FALSE
A1BG47GSHQ9WSU,FALSE,FALSE,FALSE,FALSE,FALSE,FALSE,FALSE
A1D81EKB5SHTMR,FALSE,FALSE,FALSE,FALSE,FALSE,FALSE,FALSE
A1GNV8C2792XF,FALSE,FALSE,FALSE,FALSE,FALSE,FALSE,FALSE
A1MZ1EU82NE0PQ,FALSE,FALSE,FALSE,FALSE,FALSE,FALSE,FALSE
A1N1N35Z156GTY,TRUE,FALSE,TRUE,FALSE,TRUE,FALSE,FALSE
A1N3I6B31HUU1G,FALSE,FALSE,FALSE,FALSE,FALSE,FALSE,FALSE
A1OD9OA9B34FL,FALSE,FALSE,FALSE,FALSE,FALSE,FALSE,FALSE
A1QEQ64E22TNUZ,FALSE,FALSE,FALSE,FALSE,FALSE,FALSE,FALSE
A1QONOC90I9YMI,FALSE,FALSE,FALSE,FALSE,FALSE,FALSE,FALSE
A1S88VQY8G8CNC,FALSE,FALSE,FALSE,FALSE,FALSE,FALSE,FALSE
A1VKHYT7FMVVYS,FALSE,FALSE,FALSE,FALSE,FALSE,FALSE,FALSE
A1WGEJVGY3DI13,TRUE,TRUE,FALSE,FALSE,FALSE,FALSE,FALSE
A1YG4MA6SPSEW,FALSE,FALSE,FALSE,FALSE,FALSE,FALSE,FALSE
A1YR0204H9JTNK,FALSE,FALSE,FALSE,FALSE,FALSE,FALSE,FALSE
A22ZZCICZDCSTY,FALSE,FALSE,FALSE,FALSE,FALSE,FALSE,FALSE
A24Y2BHD6TDX4Z,TRUE,TRUE,FALSE,TRUE,TRUE,FALSE,FALSE
A25ZOL1H79DW0P,FALSE,FALSE,FALSE,FALSE,FALSE,FALSE,FALSE
A27UMIQQM5ELH,FALSE,FALSE,FALSE,FALSE,FALSE,FALSE,FALSE
A288RSAGJBLY9,FALSE,FALSE,FALSE,FALSE,FALSE,FALSE,FALSE
A2C54JB2A8I1YO,FALSE,FALSE,FALSE,FALSE,FALSE,FALSE,FALSE
A2DBMKJCUX09Q5,FALSE,FALSE,FALSE,FALSE,FALSE,FALSE,FALSE
A2FN0MPGK61HW,FALSE,FALSE,FALSE,FALSE,FALSE,TRUE,FALSE
A2IAI2N9IKLCTT,FALSE,FALSE,FALSE,FALSE,FALSE,FALSE,FALSE
A2IW4MN2YG5EUQ,TRUE,FALSE,FALSE,TRUE,FALSE,FALSE,FALSE
A2JBI6GEDB1856,TRUE,FALSE,TRUE,FALSE,TRUE,FALSE,FALSE
A2KPJU4WY80ZG4,FALSE,FALSE,FALSE,FALSE,FALSE,TRUE,FALSE
A2L26DMSVUEDP6,FALSE,FALSE,FALSE,FALSE,FALSE,FALSE,FALSE
A2OPVCG9M8CER1,FALSE,FALSE,FALSE,FALSE,FALSE,FALSE,FALSE
A2R75YFKVALBXE,FALSE,FALSE,FALSE,FALSE,FALSE,FALSE,FALSE
A2WBQOFHROA9OS,TRUE,FALSE,FALSE,FALSE,FALSE,FALSE,FALSE
A2WKY5KL3JXJEF,FALSE,TRUE,FALSE,FALSE,FALSE,FALSE,FALSE
A2XNMAZ318NXYC,FALSE,FALSE,FALSE,FALSE,FALSE,FALSE,FALSE
A2XU1TSQD45EB4,FALSE,FALSE,FALSE,FALSE,FALSE,FALSE,FALSE
A2XWXL9TSRRALZ,TRUE,FALSE,FALSE,FALSE,FALSE,FALSE,FALSE
A2YUEEOJT5NQXV,FALSE,FALSE,FALSE,FALSE,FALSE,FALSE,FALSE
A2ZZ7GUR0MNWDC,FALSE,FALSE,FALSE,FALSE,FALSE,FALSE,FALSE
A30SW74YXUN4UK,TRUE,FALSE,FALSE,FALSE,FALSE,FALSE,FALSE
A31545Y7L2F07S,FALSE,FALSE,FALSE,FALSE,FALSE,FALSE,FALSE
A348UZASXTNGWR,FALSE,FALSE,FALSE,FALSE,FALSE,FALSE,FALSE
A367QJ0PT161DX,FALSE,FALSE,FALSE,FALSE,FALSE,FALSE,FALSE
A397NXIY82FXXD,TRUE,FALSE,FALSE,TRUE,FALSE,FALSE,FALSE
A3DR9RNUCUM0HF,FALSE,FALSE,FALSE,FALSE,FALSE,TRUE,FALSE
A3EGL1YQL1KIQO,FALSE,FALSE,FALSE,FALSE,FALSE,FALSE,FALSE
A3LC8JT9NKNKN,FALSE,FALSE,FALSE,FALSE,FALSE,FALSE,FALSE
A3MELYYGRJ61SX,FALSE,FALSE,FALSE,FALSE,FALSE,FALSE,FALSE
A3PWRZ67TPKZPU,TRUE,FALSE,FALSE,FALSE,FALSE,FALSE,FALSE
A3R7L5UI9IEWGD,FALSE,FALSE,FALSE,FALSE,FALSE,FALSE,FALSE
A3RQ6SG91VBOF8,TRUE,FALSE,TRUE,TRUE,FALSE,FALSE,FALSE
A3S5XPHDMQ2ESR,FALSE,FALSE,TRUE,FALSE,FALSE,FALSE,FALSE
A3STW7EL76T5YN,TRUE,FALSE,FALSE,FALSE,FALSE,FALSE,FALSE
A3TG8FPBN2D1VT,FALSE,FALSE,FALSE,FALSE,FALSE,FALSE,FALSE
A3VO1VCYS30YGW,FALSE,TRUE,FALSE,FALSE,FALSE,FALSE,FALSE
A3XU8C72O6LCD,FALSE,FALSE,FALSE,FALSE,FALSE,FALSE,FALSE
A4ZCS7YTJS0DF,FALSE,FALSE,FALSE,FALSE,FALSE,FALSE,FALSE
A5XXFZT973KSF,FALSE,FALSE,FALSE,FALSE,FALSE,FALSE,FALSE
A6QR4K322HT3T,FALSE,FALSE,FALSE,FALSE,FALSE,FALSE,FALSE
A7G6TFAYTV2FC,FALSE,FALSE,FALSE,FALSE,FALSE,FALSE,FALSE
A94QDTSK49SIU,FALSE,FALSE,FALSE,FALSE,FALSE,FALSE,FALSE
A9N2E4Z18H9PB,FALSE,FALSE,FALSE,FALSE,FALSE,FALSE,FALSE
A9XRCLB9YQA31,TRUE,FALSE,FALSE,TRUE,TRUE,FALSE,FALSE
AAW3ZDECLGIMV,FALSE,FALSE,FALSE,FALSE,FALSE,FALSE,FALSE
ADEI2XDEX4B7Q,FALSE,FALSE,FALSE,FALSE,FALSE,FALSE,FALSE
AJ6QCYY26SCV2,FALSE,FALSE,FALSE,FALSE,FALSE,TRUE,FALSE
AKMQH2MGTUWO9,FALSE,FALSE,FALSE,FALSE,FALSE,FALSE,FALSE
ALRRK4B0VPPQ2,FALSE,FALSE,FALSE,FALSE,FALSE,FALSE,FALSE
ANVEC4QSKNJLF,FALSE,FALSE,FALSE,FALSE,FALSE,FALSE,FALSE
ATJVY9O4CY5EX,FALSE,FALSE,FALSE,FALSE,FALSE,FALSE,FALSE
AU954O2L5LLGJ,FALSE,FALSE,FALSE,FALSE,FALSE,FALSE,FALSE
AUFMG49X8NO0N,FALSE,FALSE,FALSE,FALSE,TRUE,FALSE,FALSE
AWTY1W5ZF8DSA,FALSE,FALSE,FALSE,FALSE,TRUE,FALSE,FALSE
AX1U5YVHOTUEG,FALSE,FALSE,FALSE,FALSE,FALSE,TRUE,FALSE
AYN0TD4NTSBI3,FALSE,TRUE,FALSE,FALSE,FALSE,FALSE,FALSE
AYRJKBYXBBMCJ,FALSE,FALSE,FALSE,FALSE,FALSE,FALSE,FALSE
A12SGLXX6B9DKR,FALSE,FALSE,FALSE,FALSE,FALSE,FALSE,FALSE
A14O8IA2LCQBDA,FALSE,FALSE,FALSE,FALSE,FALSE,FALSE,FALSE
A16MVQ4ZEI5T60,FALSE,FALSE,FALSE,FALSE,FALSE,FALSE,FALSE
A18S266M02RWZU,FALSE,FALSE,FALSE,FALSE,FALSE,FALSE,FALSE
A197LCCJ6SC5RU,FALSE,FALSE,FALSE,FALSE,FALSE,FALSE,FALSE
A1983JLO9O8O3C,FALSE,FALSE,FALSE,FALSE,FALSE,FALSE,FALSE
A1A8MBDIAQT43U,TRUE,FALSE,FALSE,FALSE,FALSE,FALSE,FALSE
A1C2T79XTDHE39,FALSE,FALSE,FALSE,FALSE,FALSE,FALSE,FALSE
A1DQQ0CHG7WW3E,TRUE,FALSE,FALSE,TRUE,FALSE,FALSE,FALSE
A1J9OZZ1LDG8VN,TRUE,FALSE,FALSE,FALSE,FALSE,FALSE,FALSE
A1K21SF4UU9I89,FALSE,FALSE,FALSE,FALSE,FALSE,TRUE,FALSE
A1KWZQMPW91O8D,FALSE,FALSE,FALSE,FALSE,FALSE,FALSE,FALSE
A1LF01EM2Q2GHY,FALSE,FALSE,FALSE,FALSE,FALSE,FALSE,FALSE
A1MJ82C7YG7W89,FALSE,FALSE,FALSE,FALSE,FALSE,FALSE,FALSE
A1OEH7O06Z8J0M,FALSE,FALSE,FALSE,FALSE,FALSE,FALSE,FALSE
A1QAWECOJYKVO4,FALSE,FALSE,FALSE,FALSE,FALSE,FALSE,FALSE
A1U52YHLJ8MN2B,FALSE,FALSE,FALSE,FALSE,FALSE,FALSE,FALSE
A1V2TADVHGDHYM,FALSE,FALSE,FALSE,FALSE,FALSE,FALSE,FALSE
A1XIVB0HPSFJHG,FALSE,FALSE,TRUE,FALSE,TRUE,FALSE,FALSE
A1YK7OG66BQXVX,TRUE,FALSE,FALSE,TRUE,TRUE,FALSE,FALSE
A1ZTWWYWQWT7NJ,TRUE,FALSE,FALSE,FALSE,FALSE,FALSE,FALSE
A2196WCNDZULFS,FALSE,FALSE,FALSE,FALSE,FALSE,FALSE,FALSE
A222R4PNCF08OF,FALSE,FALSE,FALSE,FALSE,FALSE,FALSE,FALSE
A22DDO8NILSX6O,FALSE,FALSE,FALSE,FALSE,FALSE,FALSE,FALSE
A24FB6EEAEZKA4,FALSE,FALSE,FALSE,FALSE,FALSE,FALSE,FALSE
A28JBDTFGFJ5NR,FALSE,FALSE,FALSE,FALSE,FALSE,FALSE,FALSE
A28JXDDPMW8IK0,TRUE,FALSE,FALSE,FALSE,FALSE,FALSE,FALSE
A2916ZYJKILPU9,TRUE,FALSE,FALSE,TRUE,TRUE,FALSE,FALSE
A2AE610UE18R8G,TRUE,FALSE,TRUE,FALSE,TRUE,FALSE,FALSE
A2AEX0INK0IKNJ,FALSE,FALSE,FALSE,FALSE,FALSE,FALSE,FALSE
A2AXP68AJJ3B94,FALSE,FALSE,FALSE,FALSE,FALSE,FALSE,FALSE
A2B8JGCVGBDTL5,FALSE,FALSE,FALSE,FALSE,FALSE,FALSE,FALSE
A2BK45LZGGWPLX,FALSE,FALSE,FALSE,FALSE,FALSE,FALSE,FALSE
A2BLXPUFVNXEPT,FALSE,FALSE,FALSE,FALSE,FALSE,FALSE,FALSE
A2C9NR5DY668JU,FALSE,FALSE,FALSE,FALSE,FALSE,FALSE,FALSE
A2GVON0W6E874S,FALSE,FALSE,FALSE,FALSE,FALSE,FALSE,FALSE
A2H557RQ3T3LPX,FALSE,FALSE,FALSE,FALSE,FALSE,FALSE,FALSE
A2IUAIVTQ1DSCR,FALSE,FALSE,FALSE,FALSE,FALSE,FALSE,FALSE
A2MAME12503Y05,TRUE,FALSE,FALSE,FALSE,FALSE,FALSE,FALSE
A2SAIKFIAV81P5,TRUE,FALSE,FALSE,FALSE,FALSE,FALSE,FALSE
A2THYJKAEJ0XG4,FALSE,FALSE,FALSE,FALSE,FALSE,FALSE,FALSE
A2V7UNVBF8SQAK,TRUE,FALSE,FALSE,TRUE,TRUE,FALSE,FALSE
A2VFBBFRHFTYOW,FALSE,FALSE,FALSE,FALSE,FALSE,FALSE,FALSE
A2VN59CZEQ7P0R,FALSE,FALSE,FALSE,FALSE,FALSE,FALSE,FALSE
A2VSUCEXMNSUF5,FALSE,FALSE,FALSE,FALSE,FALSE,FALSE,FALSE
A2X9RLMKGEIVTQ,FALSE,TRUE,FALSE,FALSE,FALSE,FALSE,FALSE
A2ZDJLY20J6678,FALSE,TRUE,FALSE,FALSE,FALSE,FALSE,FALSE
A342YLIMT6THWO,FALSE,FALSE,FALSE,FALSE,FALSE,FALSE,FALSE
A35WHLJA4H7YCM,FALSE,FALSE,FALSE,FALSE,FALSE,FALSE,FALSE
A371H3PQPR2Z8J,FALSE,FALSE,FALSE,FALSE,FALSE,FALSE,FALSE
A37PNAIK1TKLVS,FALSE,FALSE,FALSE,FALSE,FALSE,FALSE,FALSE
A38RC4GG8KLJI7,TRUE,FALSE,FALSE,FALSE,FALSE,FALSE,FALSE
A39MKVROUZ1UWR,FALSE,FALSE,FALSE,FALSE,FALSE,FALSE,FALSE
A3B2YRXL26RPVH,FALSE,FALSE,FALSE,FALSE,FALSE,FALSE,FALSE
A3E3J0HD0G6AB5,FALSE,FALSE,FALSE,FALSE,FALSE,FALSE,FALSE
A3G5IPGLH1IIZN,FALSE,FALSE,FALSE,FALSE,FALSE,FALSE,FALSE
A3GHYD28ZZ3IEN,FALSE,FALSE,FALSE,FALSE,FALSE,FALSE,FALSE
A3GMRPF5MCQVGV,FALSE,FALSE,FALSE,FALSE,FALSE,FALSE,FALSE
A3I2PT6W0FP7BR,FALSE,FALSE,FALSE,FALSE,FALSE,FALSE,FALSE
A3IXWFXJC2YKU7,FALSE,FALSE,FALSE,FALSE,FALSE,FALSE,FALSE
A3MTNLK7KQ89WE,FALSE,TRUE,FALSE,FALSE,FALSE,FALSE,FALSE
A3N5RLYH05PY8L,FALSE,FALSE,FALSE,FALSE,FALSE,FALSE,FALSE
A3NI2W5HH47HP6,FALSE,FALSE,FALSE,FALSE,FALSE,FALSE,FALSE
A3O9YVUSD9YYJE,TRUE,FALSE,FALSE,FALSE,FALSE,FALSE,FALSE
A3RZAUNCBSSMK4,TRUE,FALSE,FALSE,TRUE,FALSE,FALSE,FALSE
A47UGZ5QR0VV9,TRUE,FALSE,FALSE,TRUE,TRUE,FALSE,FALSE
A5E2P5F1AXYZ1,FALSE,FALSE,FALSE,FALSE,FALSE,FALSE,FALSE
A5LBQCECTTYXZ,TRUE,FALSE,FALSE,FALSE,FALSE,FALSE,FALSE
A6RQ39L4WDLUW,FALSE,FALSE,FALSE,FALSE,FALSE,FALSE,FALSE
AC9BR5OXALJAH,FALSE,FALSE,FALSE,FALSE,FALSE,FALSE,FALSE
ACM7GDJASVO93,FALSE,FALSE,FALSE,FALSE,FALSE,FALSE,FALSE
AE363E5ESWSXJ,FALSE,FALSE,FALSE,FALSE,FALSE,FALSE,FALSE
AF1R0RDMKDNJX,FALSE,FALSE,FALSE,FALSE,FALSE,FALSE,FALSE
AFE1GH96UN330,TRUE,FALSE,TRUE,TRUE,FALSE,FALSE,FALSE
AJD65G9H2QUE9,FALSE,FALSE,FALSE,FALSE,FALSE,FALSE,FALSE
AKQAI78JTXXC9,FALSE,FALSE,FALSE,FALSE,FALSE,FALSE,FALSE
AO32GL5867YY7,FALSE,TRUE,FALSE,FALSE,FALSE,FALSE,FALSE
AR39OP4746H4F,FALSE,FALSE,FALSE,FALSE,FALSE,FALSE,FALSE
ARDYDFF4T0YYT,TRUE,FALSE,FALSE,TRUE,TRUE,FALSE,FALSE
AYEK5GQEE3STW,FALSE,FALSE,FALSE,FALSE,FALSE,FALSE,FALSE
AZ5ZYUCAQ0XDL,FALSE,FALSE,FALSE,FALSE,FALSE,FALSE,FALSE
AZT19Y8A0811M,FALSE,FALSE,FALSE,FALSE,FALSE,FALSE,FALSE
A10FTGEV1WR18H,FALSE,FALSE,FALSE,FALSE,FALSE,FALSE,FALSE
A15YUDP435G6GR,FALSE,FALSE,FALSE,FALSE,FALSE,FALSE,FALSE
A18R8GG33EVI6C,FALSE,FALSE,FALSE,FALSE,FALSE,FALSE,FALSE
A19JWJ0ACBROIQ,TRUE,FALSE,FALSE,FALSE,FALSE,FALSE,FALSE
A1ADMMKDBXBNL1,FALSE,FALSE,FALSE,FALSE,FALSE,FALSE,FALSE
A1G399CGVV8MYK,FALSE,FALSE,FALSE,FALSE,FALSE,FALSE,FALSE
A1JX9ROLDPIVTX,FALSE,FALSE,FALSE,FALSE,FALSE,FALSE,FALSE
A1LM1DDPWK7FFA,FALSE,FALSE,FALSE,FALSE,FALSE,FALSE,FALSE
A1LQQQ8MKXH4QD,FALSE,FALSE,FALSE,FALSE,FALSE,FALSE,FALSE
A1MLWVH0IE3HJ1,TRUE,TRUE,FALSE,TRUE,FALSE,FALSE,FALSE
A1NUO93OHZREC3,FALSE,FALSE,FALSE,FALSE,FALSE,FALSE,FALSE
A1SX3P1H4IWKFQ,TRUE,FALSE,TRUE,FALSE,FALSE,FALSE,FALSE
A1TSST60BO5K52,TRUE,FALSE,FALSE,FALSE,FALSE,FALSE,FALSE
A1W47K25ZMXANJ,FALSE,FALSE,FALSE,FALSE,FALSE,FALSE,FALSE
A237TMG0AIG9PX,FALSE,FALSE,FALSE,FALSE,FALSE,FALSE,FALSE
A24CG5BTB8KQ39,FALSE,FALSE,FALSE,FALSE,FALSE,FALSE,FALSE
A261ZPN1DBO1GT,FALSE,FALSE,FALSE,FALSE,FALSE,FALSE,FALSE
A26YJJHOW9HXUY,FALSE,FALSE,FALSE,FALSE,FALSE,FALSE,FALSE
A27KDTUI0H1KJV,FALSE,FALSE,FALSE,FALSE,FALSE,FALSE,FALSE
A27U34JQKVDTA3,TRUE,TRUE,FALSE,FALSE,FALSE,FALSE,FALSE
A2AWSN5CWONM8,FALSE,FALSE,FALSE,FALSE,FALSE,FALSE,FALSE
A2GDA7QID977M9,TRUE,FALSE,FALSE,FALSE,FALSE,FALSE,FALSE
A2HU1HGGYUO3X6,FALSE,FALSE,FALSE,FALSE,FALSE,FALSE,FALSE
A2INUUEUK5K065,FALSE,TRUE,FALSE,FALSE,FALSE,FALSE,FALSE
A2JKVAB2TIVMH2,FALSE,FALSE,FALSE,FALSE,FALSE,FALSE,FALSE
A2JMIAOV67CPHI,FALSE,FALSE,FALSE,FALSE,FALSE,FALSE,FALSE
A2K6Z7C7Z6VTBF,TRUE,FALSE,TRUE,FALSE,FALSE,FALSE,FALSE
A2KQFLUT7652DA,FALSE,FALSE,TRUE,FALSE,TRUE,FALSE,FALSE
A2O4TQTT57L48Q,FALSE,FALSE,FALSE,FALSE,FALSE,FALSE,FALSE
A2PE83MK76CRMI,FALSE,FALSE,TRUE,FALSE,TRUE,FALSE,FALSE
A2QCJ7Y5ONXD91,TRUE,FALSE,FALSE,TRUE,FALSE,FALSE,FALSE
A2SNAXBDSA5P06,FALSE,FALSE,FALSE,FALSE,FALSE,FALSE,FALSE
A2V2DBS6NCSIQP,FALSE,FALSE,FALSE,FALSE,FALSE,FALSE,FALSE
A30J4IZCMCR31F,FALSE,FALSE,FALSE,FALSE,FALSE,FALSE,FALSE
A31F4C4IVX5PFT,TRUE,FALSE,FALSE,FALSE,FALSE,FALSE,FALSE
A34CPKFZXBX1PO,FALSE,FALSE,FALSE,FALSE,FALSE,FALSE,FALSE
A35AHB2MZLBEVZ,FALSE,FALSE,FALSE,FALSE,FALSE,FALSE,FALSE
A37025YQUW9ACI,TRUE,FALSE,TRUE,TRUE,FALSE,FALSE,FALSE
A3C8JI69WPTKWH,FALSE,FALSE,FALSE,FALSE,FALSE,FALSE,FALSE
A3FQ0QLNSBUSTD,FALSE,FALSE,FALSE,FALSE,FALSE,FALSE,FALSE
A3GEXZD5FXGMHD,FALSE,FALSE,FALSE,FALSE,FALSE,FALSE,FALSE
A3IOPUZ29U29SA,TRUE,TRUE,FALSE,FALSE,FALSE,FALSE,FALSE
A3KFZJXUBI1FU9,FALSE,FALSE,FALSE,FALSE,TRUE,FALSE,FALSE
A3KLR6YNRYKYJ3,FALSE,FALSE,FALSE,FALSE,FALSE,FALSE,FALSE
A3L8LSM7V7KX3T,FALSE,FALSE,FALSE,FALSE,FALSE,FALSE,FALSE
A3LI98SL8OEDC0,FALSE,FALSE,FALSE,FALSE,FALSE,FALSE,FALSE
A3M1FJQLYPR8X8,FALSE,FALSE,FALSE,FALSE,FALSE,FALSE,FALSE
A3MVSM2JWY88JZ,FALSE,FALSE,FALSE,FALSE,FALSE,FALSE,FALSE
A3N62A1YVDMKS5,FALSE,FALSE,FALSE,FALSE,FALSE,FALSE,FALSE
A3SMJ88V58YGAI,FALSE,FALSE,FALSE,FALSE,FALSE,FALSE,FALSE
AD1ILDUXZHASF,FALSE,FALSE,FALSE,TRUE,FALSE,FALSE,FALSE
AH4GIBPZ4N1VO,FALSE,FALSE,FALSE,FALSE,FALSE,FALSE,FALSE
AJ5P0SBP4GFY1,FALSE,FALSE,FALSE,FALSE,FALSE,FALSE,FALSE
AJQGWGESKQT4Y,FALSE,FALSE,FALSE,FALSE,FALSE,FALSE,FALSE
ALQEVX2DSDWEQ,FALSE,FALSE,FALSE,FALSE,FALSE,FALSE,FALSE
AMHVH9MFHO5DE,FALSE,FALSE,FALSE,FALSE,FALSE,FALSE,FALSE
AMWW73S4VSKM2,FALSE,FALSE,FALSE,FALSE,FALSE,FALSE,FALSE
APW4V8CE0TX6O,FALSE,FALSE,FALSE,FALSE,FALSE,FALSE,FALSE
AQKPTR00R0X67,FALSE,FALSE,FALSE,FALSE,FALSE,FALSE,FALSE
AQX9MBXJO0NRV,FALSE,FALSE,FALSE,FALSE,FALSE,FALSE,FALSE
AS7HQZRGQ8CDO,FALSE,FALSE,FALSE,FALSE,FALSE,FALSE,FALSE
ASE79VYZNLPVD,FALSE,FALSE,FALSE,FALSE,FALSE,FALSE,FALSE
AZDIKC4W8GZIJ,FALSE,FALSE,FALSE,FALSE,FALSE,FALSE,FALSE
AZOX2SIK3DV6N,FALSE,FALSE,FALSE,FALSE,FALSE,FALSE,FALSE
A1342JQPZWA0IZ,FALSE,FALSE,FALSE,FALSE,FALSE,FALSE,FALSE
A136KE82OT60BI,FALSE,FALSE,FALSE,FALSE,FALSE,FALSE,FALSE
A17FGZ1I5P9RZA,FALSE,FALSE,FALSE,FALSE,FALSE,FALSE,FALSE
A1BQRDDC1NZCST,FALSE,FALSE,FALSE,FALSE,FALSE,FALSE,FALSE
A1FM4MRWP04RYL,FALSE,FALSE,FALSE,FALSE,FALSE,FALSE,FALSE
A1I8VAUT4V90YR,FALSE,FALSE,FALSE,FALSE,FALSE,FALSE,FALSE
A1L7B0F8PVW1D0,FALSE,FALSE,FALSE,FALSE,FALSE,FALSE,FALSE
A1SC3CR9BN0HZW,TRUE,FALSE,FALSE,TRUE,FALSE,FALSE,FALSE
A1UJ2M1AKWMNLC,TRUE,FALSE,FALSE,TRUE,FALSE,FALSE,FALSE
A1W1QA5KGVZBLC,FALSE,FALSE,FALSE,FALSE,FALSE,FALSE,FALSE
A1ZKIH8L6648NG,FALSE,FALSE,FALSE,FALSE,FALSE,FALSE,FALSE
A20M7MAG6N0C4D,TRUE,FALSE,FALSE,FALSE,FALSE,FALSE,FALSE
A216RMJ8VSR46Q,FALSE,TRUE,FALSE,FALSE,FALSE,TRUE,FALSE
A21JE325072629,FALSE,FALSE,FALSE,FALSE,FALSE,FALSE,FALSE
A21ZK49H9LSSRY,FALSE,FALSE,FALSE,FALSE,FALSE,FALSE,FALSE
A25EK5Q3R4ZHE8,TRUE,FALSE,TRUE,FALSE,TRUE,FALSE,FALSE
A25F4TGI1HAZLZ,FALSE,FALSE,FALSE,FALSE,FALSE,FALSE,FALSE
A25Q1B6EXDAIO4,TRUE,FALSE,FALSE,FALSE,FALSE,FALSE,FALSE
A2E3O3O0PPX3IQ,FALSE,FALSE,FALSE,FALSE,FALSE,FALSE,FALSE
A2GXLM74C7BDI8,FALSE,FALSE,FALSE,FALSE,FALSE,FALSE,FALSE
A2J43FWL1Z0FV1,FALSE,FALSE,FALSE,FALSE,FALSE,FALSE,FALSE
A2LIV3A5MK9ADW,FALSE,FALSE,FALSE,FALSE,FALSE,FALSE,FALSE
A2LO8K013TX9FA,FALSE,FALSE,FALSE,FALSE,FALSE,FALSE,FALSE
A2M9JNCHRKMCC4,FALSE,FALSE,FALSE,FALSE,FALSE,FALSE,FALSE
A2P1M5MKZ3CK1I,FALSE,FALSE,FALSE,FALSE,FALSE,FALSE,TRUE
A2P22X4GQWQ8Z1,FALSE,FALSE,FALSE,FALSE,FALSE,FALSE,FALSE
A2QAJ9ZTN8YY89,FALSE,FALSE,FALSE,FALSE,FALSE,TRUE,FALSE
A2TV18A7NQF6I5,FALSE,FALSE,FALSE,FALSE,FALSE,FALSE,FALSE
A2V2PDSCDL2E8N,FALSE,FALSE,FALSE,FALSE,FALSE,FALSE,FALSE
A2VGFS03KCCR1Q,FALSE,FALSE,FALSE,FALSE,FALSE,FALSE,FALSE
A30S3NM2G8YALB,FALSE,FALSE,FALSE,FALSE,FALSE,FALSE,FALSE
A32W24TWSWXW,FALSE,FALSE,FALSE,FALSE,FALSE,FALSE,FALSE
A34SIGOLUGKIHJ,FALSE,FALSE,FALSE,FALSE,FALSE,FALSE,FALSE
A3503625JEYO1I,FALSE,FALSE,TRUE,FALSE,FALSE,FALSE,FALSE
A37XA1JSSYORAZ,FALSE,FALSE,FALSE,FALSE,FALSE,FALSE,FALSE
A39K7LI5BVW4K8,FALSE,FALSE,FALSE,FALSE,FALSE,FALSE,FALSE
A3BBR5O4W6XHBV,FALSE,FALSE,FALSE,FALSE,FALSE,FALSE,FALSE
A3ERKH1ZX3VH0Z,FALSE,FALSE,FALSE,FALSE,FALSE,FALSE,FALSE
A3I5P7QF8N9LPW,FALSE,FALSE,FALSE,FALSE,FALSE,FALSE,FALSE
A3IKND0OT3YZTF,FALSE,FALSE,FALSE,FALSE,FALSE,FALSE,FALSE
A3JCWV0B4T0LW9,FALSE,FALSE,FALSE,FALSE,FALSE,FALSE,FALSE
A3K55QAQ158W0P,FALSE,FALSE,FALSE,FALSE,FALSE,FALSE,FALSE
A3KKY9HXZRRAIV,FALSE,FALSE,FALSE,FALSE,FALSE,FALSE,FALSE
A3LO0YSRBT616U,FALSE,FALSE,FALSE,FALSE,FALSE,TRUE,FALSE
A3MLNAZCS0Y2QP,FALSE,FALSE,FALSE,FALSE,FALSE,FALSE,FALSE
A3N1B3W5PS6D5S,FALSE,FALSE,FALSE,FALSE,FALSE,FALSE,FALSE
A3T9OPOX78GYUI,FALSE,FALSE,FALSE,FALSE,FALSE,FALSE,FALSE
A5QR527E77B9D,FALSE,FALSE,FALSE,FALSE,FALSE,FALSE,FALSE
AB8BRFF4ZTZ40,FALSE,FALSE,FALSE,FALSE,FALSE,FALSE,FALSE
ACOUEGRDJO7B6,FALSE,FALSE,FALSE,FALSE,FALSE,FALSE,FALSE
AHA51EIEEVTPE,FALSE,FALSE,FALSE,FALSE,FALSE,FALSE,FALSE
AJTLLYV8O5FQU,FALSE,FALSE,FALSE,FALSE,FALSE,FALSE,FALSE
ALDQRWYZ8KQ9A,FALSE,FALSE,FALSE,FALSE,FALSE,FALSE,FALSE
APP89UTQL2CHZ,FALSE,FALSE,FALSE,FALSE,FALSE,FALSE,FALSE
AS56NGGEVTZIX,FALSE,FALSE,FALSE,FALSE,FALSE,FALSE,FALSE
AWN8RYDU3FO9E,FALSE,FALSE,FALSE,FALSE,FALSE,FALSE,FALSE
AZ8KL6F16ZS7G,FALSE,FALSE,FALSE,FALSE,FALSE,FALSE,FALSE
5c01d3c509e9c70001500b10,FALSE,FALSE,FALSE,FALSE,FALSE,FALSE,FALSE
5c1b06d9a329230001ecc39c,FALSE,FALSE,FALSE,FALSE,FALSE,FALSE,FALSE
5d4b265b72db9d0015e8aac6,FALSE,FALSE,FALSE,FALSE,FALSE,FALSE,FALSE
5d9f8573ce3daf0015e3e400,FALSE,FALSE,FALSE,FALSE,FALSE,FALSE,FALSE
5dc47ddd034b45342d3b2e3a,FALSE,FALSE,FALSE,FALSE,FALSE,FALSE,FALSE
5e606b1eaf84e83c728748d7,FALSE,FALSE,FALSE,FALSE,FALSE,FALSE,FALSE
5e83a70264ef720de1e5e694,FALSE,FALSE,FALSE,FALSE,FALSE,FALSE,FALSE
5ec492df4067b037f7a39aa9,FALSE,FALSE,FALSE,FALSE,FALSE,FALSE,FALSE
5ee58dc80d29732d11277f16,FALSE,FALSE,FALSE,FALSE,FALSE,FALSE,FALSE
5ee91afe009ed529a095019b,FALSE,FALSE,FALSE,FALSE,FALSE,FALSE,FALSE
5ef9df1812148a78af8e76dc,FALSE,FALSE,FALSE,FALSE,FALSE,FALSE,FALSE
5f182f7286310003c5ef8125,FALSE,FALSE,FALSE,FALSE,FALSE,FALSE,FALSE
5f23168ae0d0d0074122da0f,FALSE,FALSE,FALSE,FALSE,FALSE,FALSE,FALSE
5f2502c10858c4143fafa023,FALSE,FALSE,FALSE,FALSE,FALSE,FALSE,FALSE
5f3c3a67d38fdc1e96c569e0,FALSE,FALSE,FALSE,FALSE,FALSE,FALSE,FALSE
5f481e6faaf9582bdcd9697b,FALSE,FALSE,FALSE,FALSE,FALSE,FALSE,FALSE
5f4849042648171ef6c2cdf8,FALSE,FALSE,FALSE,FALSE,FALSE,FALSE,FALSE
5f49286a48bd2a43821fab14,FALSE,FALSE,FALSE,FALSE,FALSE,FALSE,FALSE
5f4c8271c3368e7889161c4d,FALSE,FALSE,FALSE,FALSE,FALSE,FALSE,FALSE
5f568b81712ed00cb3759181,FALSE,FALSE,FALSE,FALSE,FALSE,FALSE,FALSE
537cc438fdf99b2274df9aae,FALSE,FALSE,FALSE,FALSE,FALSE,FALSE,FALSE
53979923fdf99b1ccc3f11f6,FALSE,FALSE,FALSE,FALSE,FALSE,FALSE,FALSE
55b249bdfdf99b28e3c14b05,FALSE,FALSE,FALSE,FALSE,FALSE,FALSE,FALSE
55bcb211fdf99b1068d97558,FALSE,FALSE,FALSE,FALSE,FALSE,FALSE,FALSE
55cf5cc434e9060005e56c39,FALSE,FALSE,FALSE,FALSE,FALSE,FALSE,FALSE
55ea70c37480920010aa9982,FALSE,FALSE,TRUE,FALSE,FALSE,FALSE,FALSE
5699974f25d9e90006b08be4,FALSE,FALSE,FALSE,FALSE,FALSE,TRUE,FALSE
56a37d86dbe850000bfcef9d,FALSE,FALSE,FALSE,FALSE,FALSE,FALSE,FALSE
56d0f57421cd29000a9737e4,FALSE,FALSE,FALSE,FALSE,FALSE,FALSE,FALSE
56e6a66af6ed900006a5867c,FALSE,FALSE,FALSE,FALSE,FALSE,FALSE,FALSE
56f9fd2e8425ef00053a4234,FALSE,FALSE,FALSE,FALSE,FALSE,FALSE,FALSE
575a0b3033577a00060af29a,FALSE,FALSE,FALSE,FALSE,FALSE,FALSE,FALSE
57656f6c2bfddf000125cce5,FALSE,FALSE,FALSE,FALSE,FALSE,FALSE,FALSE
577f70d1454e5400015f1845,FALSE,FALSE,FALSE,FALSE,FALSE,FALSE,FALSE
57901207c9abeb0001af353e,FALSE,FALSE,FALSE,FALSE,FALSE,FALSE,FALSE
57e7bb4e73e67300012b8e2a,FALSE,FALSE,FALSE,FALSE,FALSE,FALSE,FALSE
58cbd23d5d42920001414dd8,FALSE,FALSE,FALSE,FALSE,FALSE,FALSE,FALSE
58d9a79c33fef3000118abdf,FALSE,FALSE,FALSE,FALSE,FALSE,FALSE,FALSE
58f3760092ac81000154f8af,FALSE,FALSE,FALSE,FALSE,FALSE,FALSE,FALSE
5905510a24375600010c7f83,FALSE,FALSE,FALSE,FALSE,FALSE,FALSE,FALSE
59235471e937bd0001ca0245,FALSE,FALSE,FALSE,FALSE,FALSE,FALSE,FALSE
59288c238bc6770001fc1d6e,FALSE,FALSE,FALSE,FALSE,FALSE,FALSE,FALSE
59ad6f1e09709e00013c2ba5,FALSE,FALSE,FALSE,FALSE,FALSE,FALSE,FALSE
5a49713b7aebf70001154615,FALSE,FALSE,FALSE,FALSE,FALSE,FALSE,FALSE
5a49d6a06d85f80001c25bc4,FALSE,FALSE,FALSE,FALSE,FALSE,FALSE,FALSE
5a791168f49c9a0001f31061,FALSE,FALSE,FALSE,FALSE,FALSE,FALSE,FALSE
5a7cb079aa46dd00016b5bfb,FALSE,FALSE,FALSE,FALSE,FALSE,FALSE,FALSE
5a8e54c9f49c9a0001f3dc3f,FALSE,FALSE,FALSE,FALSE,FALSE,FALSE,FALSE
5a9c44d2f05361000172055b,FALSE,FALSE,FALSE,FALSE,FALSE,FALSE,FALSE
5ac68ddbe734400001da4729,FALSE,FALSE,FALSE,FALSE,FALSE,FALSE,FALSE
5b133bba30d562000155dc2e,FALSE,FALSE,FALSE,FALSE,FALSE,FALSE,FALSE
5b666901f7798c000182c01c,FALSE,FALSE,FALSE,FALSE,FALSE,FALSE,FALSE
5b99867122901b0001fdbd15,FALSE,FALSE,FALSE,FALSE,FALSE,FALSE,FALSE
5ba9a99738803d00012729de,FALSE,FALSE,FALSE,FALSE,FALSE,FALSE,FALSE
5bbefe52ba8d7d0001953c11,FALSE,FALSE,FALSE,FALSE,FALSE,FALSE,FALSE
5bd0d9bf25db7b0001786a5b,FALSE,FALSE,FALSE,FALSE,FALSE,FALSE,FALSE
5c0ddc894bc2690001b67bd0,FALSE,FALSE,FALSE,FALSE,FALSE,FALSE,FALSE
5c2c6e432c45d400014a35e3,FALSE,FALSE,FALSE,FALSE,FALSE,FALSE,FALSE
5c4de8f726093e000134ee6e,FALSE,FALSE,FALSE,FALSE,FALSE,FALSE,FALSE
5c5924c553fba80001bd7ad9,FALSE,FALSE,FALSE,FALSE,FALSE,FALSE,FALSE
5c872cded9fe700001024123,FALSE,FALSE,FALSE,FALSE,FALSE,FALSE,FALSE
5c9e89d950dde20001ce12b3,FALSE,FALSE,FALSE,FALSE,FALSE,FALSE,FALSE
5d0e9d1bf403080016411381,FALSE,FALSE,FALSE,FALSE,FALSE,FALSE,FALSE
5d1e5e30a043ee0019453932,FALSE,FALSE,FALSE,FALSE,FALSE,FALSE,FALSE
5d332957d0635b00013bd785,FALSE,FALSE,FALSE,FALSE,FALSE,FALSE,FALSE
5d37d2861566530016a061de,FALSE,FALSE,FALSE,FALSE,FALSE,FALSE,FALSE
5d4a41890e604c00011ade8b,FALSE,FALSE,FALSE,FALSE,FALSE,FALSE,FALSE
5d50feca50bdcf0001e8d38a,FALSE,FALSE,FALSE,FALSE,FALSE,FALSE,FALSE
5d5eeb06d8bcde00162d73f1,FALSE,FALSE,FALSE,FALSE,FALSE,FALSE,FALSE
5d6ef023cfe0a400198f911e,FALSE,FALSE,FALSE,FALSE,FALSE,FALSE,FALSE
5d74001d391b6600175f433b,FALSE,FALSE,FALSE,FALSE,FALSE,FALSE,FALSE
5d923c2e235f4b0017f269c2,FALSE,FALSE,FALSE,FALSE,FALSE,FALSE,FALSE
5d4ac837d2844e0001ecf699,FALSE,FALSE,FALSE,FALSE,FALSE,FALSE,FALSE
5d99139757ff31001946659b,FALSE,FALSE,FALSE,FALSE,FALSE,FALSE,FALSE
5dc483cf74939e34e55c3619,FALSE,FALSE,FALSE,FALSE,FALSE,FALSE,FALSE
5dc797a6a4cc4255f8ea588e,FALSE,FALSE,FALSE,FALSE,FALSE,FALSE,FALSE
5dcc90820a493f92d077d6ec,FALSE,FALSE,FALSE,FALSE,FALSE,FALSE,FALSE
5dce29700ad506063969a4a5,FALSE,FALSE,FALSE,FALSE,FALSE,FALSE,FALSE
5dcf0e94fce60605794da411,FALSE,FALSE,FALSE,FALSE,FALSE,FALSE,FALSE
5dd311f27aa0d6327c0a2bdd,FALSE,FALSE,FALSE,FALSE,FALSE,FALSE,FALSE
5dd71e92b966de6d215924b0,FALSE,FALSE,FALSE,FALSE,FALSE,FALSE,FALSE
5dd86784dcec8782b85cb5bb,FALSE,FALSE,FALSE,FALSE,FALSE,FALSE,FALSE
5dda51f040460e9a0f5f6a70,FALSE,FALSE,FALSE,FALSE,FALSE,FALSE,FALSE
5ddf3a3a23f9f1eabaf02ad5,FALSE,FALSE,FALSE,FALSE,FALSE,FALSE,FALSE
5de7ca192294f172c699b7dc,FALSE,FALSE,FALSE,FALSE,FALSE,FALSE,FALSE
5de970024172e2000c9dacd2,FALSE,FALSE,FALSE,FALSE,FALSE,FALSE,FALSE
5dedf0483711364928753ecd,FALSE,FALSE,FALSE,FALSE,FALSE,FALSE,FALSE
5df180b59b92b1098c0d5818,FALSE,FALSE,FALSE,FALSE,TRUE,FALSE,FALSE
5e13ad514c81b2a01ae4aa9f,FALSE,FALSE,FALSE,FALSE,FALSE,FALSE,FALSE
5e22448c4500a2518347eb92,FALSE,FALSE,FALSE,FALSE,FALSE,FALSE,FALSE
5e2360162828c461a8000585,FALSE,FALSE,FALSE,FALSE,FALSE,FALSE,FALSE
5e27868c5cbbcc0b3599574b,FALSE,FALSE,FALSE,FALSE,FALSE,FALSE,FALSE
5e2bf2153a9311222d4892c6,FALSE,FALSE,FALSE,FALSE,FALSE,FALSE,FALSE
5e2d68c9c3d5e4362c056e55,FALSE,FALSE,FALSE,FALSE,FALSE,FALSE,FALSE
5e35759f1c0a77521b3e4e7a,FALSE,FALSE,FALSE,FALSE,FALSE,FALSE,FALSE
5e3adfc595ff562fbdd130fa,FALSE,FALSE,FALSE,FALSE,FALSE,FALSE,FALSE
5e3c1fbece3a7b000a6fd95a,FALSE,FALSE,FALSE,FALSE,FALSE,FALSE,FALSE
5e3dff6b8714b707b9a258b0,FALSE,FALSE,FALSE,FALSE,FALSE,FALSE,FALSE
5e443c4db923be2c783ef3c4,FALSE,FALSE,FALSE,FALSE,FALSE,FALSE,FALSE
5e542a0c4b7e8c42fafa7216,FALSE,FALSE,FALSE,FALSE,FALSE,FALSE,TRUE
5e59abf6a2f2c51b5edabbf1,FALSE,FALSE,FALSE,FALSE,FALSE,FALSE,FALSE
5e67032bc302df492496fbaa,FALSE,FALSE,FALSE,FALSE,FALSE,FALSE,FALSE
5e8421d0df483e18852ff25e,FALSE,FALSE,FALSE,FALSE,FALSE,FALSE,FALSE
5e8b149e1f49d702dadae9ab,FALSE,FALSE,FALSE,FALSE,FALSE,FALSE,FALSE
5e8b32ec2c33ae7f20a0b401,FALSE,FALSE,FALSE,FALSE,FALSE,FALSE,FALSE
5e8ce1a772724409e8ec0404,FALSE,FALSE,FALSE,FALSE,FALSE,FALSE,FALSE
5e975c32ca82b62079dc8f7c,FALSE,FALSE,FALSE,FALSE,FALSE,FALSE,FALSE
5e9ca054511e7a1c5c5640e5,FALSE,FALSE,FALSE,FALSE,FALSE,FALSE,FALSE
5ea492e3b1b3620a6fee3b90,FALSE,FALSE,FALSE,FALSE,FALSE,FALSE,FALSE
5ea8fe56a6d1a135a5a442cd,FALSE,FALSE,FALSE,FALSE,FALSE,FALSE,FALSE
5eab89102e910016bb0b5414,FALSE,FALSE,FALSE,FALSE,FALSE,FALSE,FALSE
5eac5376dfc1010c08a633bb,FALSE,FALSE,FALSE,FALSE,FALSE,FALSE,FALSE
5eaf89868dc798686228174b,FALSE,FALSE,FALSE,FALSE,FALSE,FALSE,FALSE
5eb1f6fc96a926357133cbb1,FALSE,FALSE,FALSE,FALSE,FALSE,FALSE,FALSE
5eb77fcb7516866b1aa8332f,FALSE,FALSE,FALSE,FALSE,FALSE,FALSE,FALSE
5eb874e6c1a2497c3e723cdd,FALSE,FALSE,FALSE,FALSE,FALSE,FALSE,FALSE
5ec56cdeb4fbc35443d90d0f,FALSE,FALSE,FALSE,FALSE,FALSE,FALSE,FALSE
5ec9d530f7f5db50c71639de,FALSE,FALSE,FALSE,FALSE,FALSE,FALSE,FALSE
5eca8de81197051fa92b5a6a,FALSE,FALSE,FALSE,FALSE,FALSE,FALSE,FALSE
5ed57ec8141d24118731f1bc,FALSE,FALSE,FALSE,FALSE,FALSE,FALSE,FALSE
5eda94f69f275211dff92234,FALSE,FALSE,FALSE,FALSE,FALSE,FALSE,FALSE
5edaa52a54fe056e4bc55408,FALSE,FALSE,FALSE,FALSE,FALSE,FALSE,FALSE
5edaf0abba14031b7899eb3f,FALSE,FALSE,FALSE,FALSE,FALSE,FALSE,FALSE
5edcadb5e81cb9000c4b07e0,FALSE,FALSE,FALSE,FALSE,FALSE,FALSE,FALSE
5ee313adc5615e26046d599b,FALSE,FALSE,FALSE,FALSE,FALSE,FALSE,FALSE
5ee36fc1631f490353a6b2da,TRUE,FALSE,FALSE,FALSE,FALSE,FALSE,FALSE
5ee3c01c7247c006e9a3f4fd,FALSE,FALSE,FALSE,FALSE,FALSE,FALSE,FALSE
5ee9745d9562c93212057ebb,FALSE,FALSE,FALSE,FALSE,FALSE,FALSE,FALSE
5eea5fdcac5bc114627bdd67,FALSE,FALSE,FALSE,FALSE,FALSE,FALSE,FALSE
5eeab761609f0d1df85d61bf,FALSE,FALSE,FALSE,FALSE,FALSE,FALSE,FALSE
5eeabb4143299b1e176fb83e,FALSE,FALSE,FALSE,FALSE,FALSE,FALSE,FALSE
5eeaff28cf5da71d691ef212,FALSE,FALSE,FALSE,FALSE,FALSE,FALSE,FALSE
5eeba783164680119f2e30c7,FALSE,FALSE,FALSE,FALSE,FALSE,FALSE,FALSE
5eed55b9dea2cb19430029b0,FALSE,FALSE,FALSE,FALSE,FALSE,FALSE,FALSE
5ef19d99454675561e3fc9bb,FALSE,FALSE,FALSE,FALSE,FALSE,FALSE,FALSE
5ef61efe40d8ce0ba99b4711,FALSE,FALSE,FALSE,FALSE,FALSE,FALSE,FALSE
5ef831c97dcd65573bbb0649,FALSE,FALSE,FALSE,FALSE,FALSE,FALSE,FALSE
5efb31fa8cd32f04bf048643,FALSE,FALSE,FALSE,FALSE,FALSE,FALSE,FALSE
5efd3f03dbefb617cf28b12e,TRUE,FALSE,FALSE,FALSE,FALSE,FALSE,FALSE
5f02825de3eda5141350189f,FALSE,FALSE,FALSE,FALSE,FALSE,FALSE,FALSE
5f0790f70d43911a1c0643d6,FALSE,FALSE,FALSE,FALSE,FALSE,FALSE,FALSE
5f091717d738c91a016d3c46,FALSE,FALSE,FALSE,FALSE,FALSE,FALSE,FALSE
5f0a40e804954e313f18dcb1,FALSE,FALSE,FALSE,FALSE,FALSE,FALSE,FALSE
5f0d2ad60ad0d6730c380b05,FALSE,FALSE,FALSE,FALSE,FALSE,FALSE,FALSE
5f12749ec1ac141c20bf38ab,FALSE,FALSE,FALSE,FALSE,FALSE,FALSE,FALSE
5f1b1f6a908b2609a62ab7ad,FALSE,FALSE,FALSE,FALSE,FALSE,FALSE,FALSE
5f2861ba111b901601482e6f,FALSE,FALSE,FALSE,FALSE,FALSE,FALSE,FALSE
5f2dad07a2eef40aaef6edb6,FALSE,FALSE,FALSE,FALSE,FALSE,FALSE,FALSE
5f2dcc2ab5f3f20f53df3a4d,FALSE,FALSE,FALSE,FALSE,FALSE,FALSE,FALSE
5f31c7c8152f590f64c8e902,FALSE,FALSE,FALSE,FALSE,FALSE,FALSE,FALSE
5f3b4854ac7ac783ce22070e,FALSE,FALSE,FALSE,FALSE,FALSE,FALSE,FALSE
5f3dd31899a9be204ea557f6,FALSE,FALSE,FALSE,FALSE,FALSE,FALSE,FALSE
5f403530edd4d214a0dbdd75,FALSE,FALSE,FALSE,TRUE,FALSE,FALSE,FALSE
5f46a1b4636f0603abf294a1,FALSE,FALSE,FALSE,FALSE,FALSE,FALSE,FALSE
5f47fb27144b1c26977010d2,FALSE,FALSE,FALSE,FALSE,FALSE,FALSE,FALSE
5f4af15a0add63150e16e55a,FALSE,FALSE,FALSE,FALSE,FALSE,FALSE,FALSE
5f4d68285a01eea23f58ac1d,FALSE,FALSE,FALSE,FALSE,FALSE,FALSE,FALSE
5f4dde755080c69a84ccfe7e,FALSE,FALSE,FALSE,FALSE,FALSE,FALSE,FALSE
5f4e50590bf655000c944e16,FALSE,FALSE,FALSE,FALSE,FALSE,FALSE,FALSE
5f4f29b8c154ed17df64546b,FALSE,FALSE,FALSE,FALSE,FALSE,FALSE,FALSE
5f4fd146ee39f70f490889c9,FALSE,FALSE,FALSE,FALSE,FALSE,FALSE,FALSE
5f500418133110165a1539a9,FALSE,FALSE,FALSE,FALSE,FALSE,FALSE,FALSE
5f517ddee960a93daa69b8bb,FALSE,FALSE,FALSE,FALSE,FALSE,FALSE,FALSE
5f51947ba90f9b3ea1d2fe61,FALSE,FALSE,FALSE,FALSE,FALSE,FALSE,FALSE
5f554aebf8ea7c11938463ae,FALSE,FALSE,FALSE,FALSE,FALSE,FALSE,FALSE
5f56801ffc0d190b3750869d,FALSE,FALSE,FALSE,FALSE,FALSE,FALSE,FALSE
5f581a3fc74744386ba9e802,FALSE,FALSE,FALSE,FALSE,FALSE,FALSE,FALSE
5f58d7941af44708223b94da,FALSE,FALSE,FALSE,FALSE,FALSE,FALSE,FALSE
5f590f98273d870ec1164653,FALSE,FALSE,FALSE,FALSE,FALSE,FALSE,FALSE
